,IDLattes,DuracaoDoutorado,Genero,ExclusividadeDoutorado,Publicacoes,IdadeAcademica,HistoricoFiliacoesEmIESInternacional,UltimaFiliacaoEmIES,PrimeiraAreaNumeric
0,1000020883210065,6.0,0,1,9.0,14.0,0,0,0
1,1000077717733917,5.0,0,0,2.0,5.0,1,1,1
2,1000138998094231,4.0,0,1,1.0,7.0,0,0,1
3,1000171750564368,5.0,0,1,7.0,13.0,1,0,1
4,1000193621667374,5.0,1,1,5.0,5.0,1,1,2
5,1000271786343378,5.0,0,0,3.0,9.0,1,0,3
6,1000297113793647,3.0,0,1,53.0,17.0,1,0,0
7,1000308383977498,4.0,1,1,5.0,5.0,0,1,1
8,1000339043725050,1.0,1,0,83.0,31.0,0,0,4
9,1000365345909355,4.0,1,0,4.0,5.0,0,0,4
10,1000373295613338,4.0,0,0,11.0,8.0,1,0,5
11,1000374806306312,2.0,1,1,7.0,3.0,0,1,6
12,1000470187493006,3.0,0,0,3.0,11.0,1,0,3
13,1000498199258062,3.0,0,1,41.0,4.0,1,1,2
14,1000506759150876,2.0,1,0,1.0,2.0,1,0,6
15,1000528740958810,4.0,0,0,22.0,19.0,1,1,3
16,1000535673605322,4.0,0,1,49.0,18.0,0,0,0
17,1000566631151230,4.0,1,1,3.0,6.0,1,1,0
18,1000571813063485,2.0,1,0,76.0,17.0,1,0,6
19,1000573994548737,3.0,0,1,6.0,20.0,0,0,1
20,1000584916178581,5.0,1,1,3.0,8.0,0,0,6
21,1000622852662099,4.0,0,1,92.0,31.0,1,0,2
22,1000681368407969,2.0,0,1,6.0,2.0,1,0,4
23,1000688763895346,2.0,0,0,98.0,31.0,1,1,0
24,1000717123605254,4.0,1,1,20.0,17.0,1,0,7
25,1000789943896082,3.0,1,1,4.0,7.0,0,1,7
26,1000799938164430,5.0,1,1,1.0,5.0,1,1,7
27,1000805043084706,3.0,0,0,5.0,4.0,0,0,3
28,1000812505688631,4.0,0,1,4.0,7.0,1,0,5
29,1000821915389311,4.0,1,0,8.0,12.0,0,1,6
30,1000840562015756,1.0,1,0,6.0,5.0,1,1,0
31,1000854112796927,4.0,0,1,14.0,11.0,0,1,2
32,1000881096362848,3.0,1,0,2.0,5.0,0,0,4
33,1000896512375593,4.0,0,1,17.0,8.0,0,1,3
34,1000908769503503,4.0,0,1,3.0,6.0,0,0,1
35,1000951601456635,3.0,1,1,2.0,12.0,0,1,7
36,1000980298010349,1.0,1,0,150.0,47.0,1,0,4
37,1001013721652027,5.0,1,1,5.0,13.0,1,0,5
38,1001018908057794,6.0,1,1,8.0,10.0,0,1,0
39,1001040940232846,4.0,1,1,23.0,8.0,0,1,2
40,1001053972934664,3.0,0,1,2.0,7.0,1,1,3
41,1001081588116334,4.0,1,1,39.0,12.0,1,1,2
42,1001082305933555,4.0,0,1,3.0,9.0,1,0,7
43,1001123283546693,5.0,0,0,2.0,7.0,0,0,1
44,1001172700194924,3.0,0,1,52.0,25.0,0,0,6
45,1001175355190242,6.0,0,0,22.0,24.0,0,0,6
46,1001216946571696,3.0,1,1,3.0,4.0,0,0,4
47,1001246298509023,4.0,0,1,7.0,4.0,0,0,1
48,1001254406785009,4.0,0,1,4.0,4.0,1,0,0
49,1001273895845698,3.0,0,1,32.0,7.0,0,0,1
50,1001328062970250,4.0,0,1,3.0,9.0,1,0,6
51,1001333523593343,4.0,1,0,3.0,3.0,0,0,5
52,1001379008524310,3.0,1,0,2.0,3.0,1,1,5
53,1001391097647824,4.0,1,1,16.0,9.0,1,0,6
54,1001435629686445,4.0,1,1,1.0,4.0,1,0,2
55,1001437630892785,6.0,0,0,2.0,2.0,1,0,1
56,1001445157177360,4.0,1,1,13.0,19.0,0,0,6
57,1001466317648964,4.0,1,0,15.0,7.0,0,0,0
58,1001500969293728,4.0,0,1,29.0,9.0,0,1,4
59,1001595952279605,4.0,0,1,8.0,4.0,1,0,0
60,1001596613460493,5.0,0,1,16.0,29.0,1,1,2
61,1001622880604244,4.0,0,1,21.0,19.0,0,0,3
62,1001627417428829,3.0,1,0,25.0,3.0,0,0,4
63,1001731339714424,5.0,0,1,11.0,9.0,0,0,5
64,1001749166794731,4.0,0,1,1.0,4.0,0,0,3
65,1001771838942690,6.0,1,0,8.0,9.0,0,1,5
66,1001831239174417,6.0,0,0,1.0,8.0,0,0,1
67,1001835044596136,4.0,0,1,2.0,9.0,0,0,4
68,1001869619673472,4.0,1,0,9.0,4.0,1,1,4
69,1001886666997313,4.0,1,1,17.0,16.0,0,0,0
70,1001910426372055,5.0,0,0,1.0,11.0,0,1,3
71,1002027352736468,2.0,0,1,74.0,9.0,1,1,4
72,1002035563058958,2.0,1,0,6.0,8.0,0,1,6
73,1002051080021831,3.0,0,0,29.0,11.0,1,0,3
74,1002065762036686,4.0,1,0,19.0,6.0,0,0,4
75,1002129951984360,4.0,0,1,26.0,6.0,1,1,2
76,1002191640217585,4.0,1,0,164.0,26.0,0,1,4
77,1002193677066082,5.0,1,1,13.0,16.0,1,0,5
78,1002230820162670,3.0,1,1,98.0,17.0,1,0,0
79,1002369240861433,4.5,0,1,4.0,8.0,1,0,1
80,1002382959546675,4.0,0,1,1.0,4.0,0,1,5
81,1002397530105523,4.0,0,0,6.0,6.0,0,1,3
82,1002412277267409,2.0,0,1,18.0,21.0,0,0,1
83,1002426943626438,6.0,0,1,20.0,20.0,1,1,1
84,1002485404161345,4.0,1,0,38.0,30.0,0,0,4
85,1002535093147868,2.0,0,1,14.0,5.0,1,1,5
86,1002574076377847,4.0,1,0,3.0,5.0,0,1,6
87,1002685286544759,4.0,0,1,10.0,4.0,1,1,6
88,1002752521636149,4.0,0,1,5.0,22.0,0,1,4
89,1002816189058375,5.0,1,0,10.0,7.0,0,1,1
90,1002879852439741,4.0,1,0,1.0,4.0,0,1,6
91,1002923033043026,2.0,0,1,10.0,19.0,0,1,4
92,1002938552800845,5.0,1,0,34.0,11.0,0,1,6
93,1002950767275065,4.0,0,1,1.0,3.0,0,1,2
94,1002967154950092,5.0,0,1,10.0,20.0,1,1,6
95,1002997745151812,4.0,1,1,23.0,10.0,1,0,0
96,1003009898182441,4.0,1,1,13.0,11.0,0,0,6
97,1003011436001008,6.0,1,1,17.0,19.0,1,1,6
98,1003037867498422,2.0,0,1,10.0,4.0,0,1,6
99,1003039770050759,4.0,1,1,29.0,18.0,1,0,0
100,1003078868842388,5.0,1,0,28.0,36.0,1,0,7
101,1003113270907697,6.0,1,1,1.0,6.0,0,0,2
102,1003166206612721,5.0,0,0,5.0,11.0,1,0,6
103,1003180776198072,4.0,1,1,2.0,2.0,0,1,5
104,1003184503012396,3.0,0,0,10.0,19.0,1,1,5
105,1003189884392105,4.0,1,0,1.0,4.0,0,0,6
106,1003192087990566,3.0,0,0,1.0,3.0,0,0,2
107,1003201485208002,4.0,0,1,20.0,15.0,1,0,6
108,1003206763408457,4.0,1,1,17.0,11.0,1,0,2
109,1003208976074900,4.0,1,0,4.0,5.0,0,0,5
110,1003211871657833,3.0,0,0,72.0,14.0,0,1,4
111,1003216752869923,4.0,1,1,6.0,14.0,0,1,6
112,1003268124870433,3.0,0,0,14.0,2.0,1,0,7
113,1003322236665100,4.0,0,0,2.0,17.0,0,0,5
114,1003345919720989,4.0,0,1,1.0,4.0,0,1,2
115,1003357077922587,4.0,1,1,18.0,16.0,0,1,3
116,1003388291863684,5.0,1,1,14.0,17.0,0,0,6
117,1003429202093216,4.0,1,1,17.0,10.0,0,0,1
118,1003437939645431,4.0,1,1,5.0,7.0,1,0,6
119,1003438403363431,3.0,1,1,37.0,12.0,1,0,0
120,1003485777084240,8.0,0,1,56.0,37.0,0,1,1
121,1003499594171540,4.0,0,1,14.0,35.0,0,1,5
122,1003523700412699,4.0,0,1,1.0,5.0,0,0,1
123,1003535723082551,4.0,0,1,64.0,19.0,1,0,0
124,1003540751333445,4.0,1,0,99.0,23.0,0,1,7
125,1003555272332792,4.0,0,1,42.0,12.0,1,1,4
126,1003576470000931,4.0,1,1,8.0,5.0,0,1,2
127,1003580864881648,8.0,0,0,13.0,12.0,1,0,1
128,1003590750096407,4.0,1,1,21.0,13.0,1,1,1
129,1003614276471262,3.0,1,0,3.0,3.0,1,1,6
130,1003630329574308,4.0,1,1,24.0,17.0,0,1,0
131,1003674384958659,4.0,1,1,28.0,16.0,1,0,6
132,1003675097090841,4.0,1,1,81.0,20.0,0,1,4
133,1003706656759425,5.0,0,1,1.0,5.0,0,0,3
134,1003717727759886,4.0,0,1,9.0,18.0,1,0,1
135,1003720363856239,4.0,0,1,4.0,2.0,0,0,2
136,1003751416643650,4.0,1,1,10.0,5.0,1,1,0
137,1003774231140692,3.0,1,0,53.0,16.0,0,1,4
138,1003789312269735,5.0,0,1,12.0,3.0,0,1,2
139,1003797349004793,4.0,1,1,3.0,2.0,1,1,6
140,1003822781373272,5.0,1,0,1.0,6.0,0,0,7
141,1003868329909749,3.0,1,0,6.0,5.0,1,1,0
142,1003891447500192,3.0,0,1,8.0,9.0,1,0,6
143,1003922857436099,5.0,0,1,2.0,5.0,0,1,1
144,1004000475494796,4.0,0,1,68.0,27.0,1,1,8
145,1004071509054972,4.0,0,1,3.0,9.0,1,1,7
146,1004095018646688,3.0,0,0,4.0,35.0,0,0,4
147,1004102761400082,3.0,0,0,1.0,3.0,0,0,1
148,1004105852620765,4.0,0,1,13.0,7.0,1,1,0
149,1004144534266600,4.0,1,0,50.0,18.0,1,0,0
150,1004144724736166,3.0,0,1,45.0,10.0,1,1,5
151,1004206862799097,4.0,0,1,18.0,27.0,1,1,1
152,1004217874825544,4.0,1,1,36.0,9.0,1,0,2
153,1004220359101194,2.0,0,0,4.0,7.0,1,1,4
154,1004236911332777,16.0,0,0,2.0,42.0,0,0,6
155,1004312837873706,3.0,0,0,12.0,10.0,0,1,0
156,1004362448027234,6.0,0,0,1.0,6.0,1,0,8
157,1004365765417771,4.0,1,1,17.0,12.0,0,0,8
158,1004373523973506,4.0,1,1,16.0,24.0,1,1,1
159,1004379121741653,3.0,0,1,17.0,10.0,0,1,0
160,1004467554779807,5.0,0,1,5.0,7.0,0,1,3
161,1004468580475770,4.0,1,1,15.0,7.0,0,0,4
162,1004477177156800,3.0,1,0,8.0,11.0,0,0,4
163,1004556234294973,4.0,0,1,1.0,3.0,0,1,7
164,1004602872315324,4.0,0,1,7.0,5.0,0,1,1
165,1004607861742594,5.0,0,0,23.0,10.0,0,0,0
166,1004629041472121,4.0,0,1,17.0,17.0,0,1,1
167,1004659561180428,5.0,0,1,141.0,26.0,1,1,2
168,1004661211572644,5.0,0,1,13.0,8.0,1,1,0
169,1004696361301424,1.0,1,0,278.0,16.0,1,0,0
170,1004744192018018,2.0,0,0,20.0,21.0,1,0,7
171,1004749259902774,3.0,0,0,37.0,11.0,0,1,4
172,1004759458235511,4.0,1,1,48.0,11.0,1,1,2
173,1004775463373932,4.0,1,0,2.0,4.0,0,0,6
174,1004819281444631,5.0,0,1,19.0,25.0,1,1,6
175,1004865944722134,4.0,1,0,11.0,22.0,1,0,7
176,1004890395661374,5.0,0,1,11.0,6.0,1,1,0
177,1004910314273874,2.0,0,1,39.0,3.0,1,1,4
178,1004912567143768,5.0,0,0,1.0,5.0,0,1,5
179,1004922909231817,2.0,1,0,23.0,16.0,1,0,4
180,1004928098630431,4.0,1,1,5.0,3.0,0,0,2
181,1004949833281107,4.0,0,0,37.0,13.0,0,0,6
182,1004978469682361,4.0,1,0,6.0,3.0,1,0,7
183,1004978982641456,5.0,0,1,5.0,2.0,0,1,6
184,1004982370291796,3.0,1,1,45.0,23.0,0,0,6
185,1005013732797485,5.0,1,0,3.0,4.0,1,0,5
186,1005014125508350,4.0,0,0,4.0,3.0,0,0,6
187,1005025547870062,5.0,1,1,5.0,5.0,0,1,0
188,1005049175983796,4.0,0,0,1.0,4.0,0,0,7
189,1005072674110684,4.0,0,0,1.0,3.0,1,1,3
190,1005102348535090,6.0,1,1,22.0,22.0,1,1,5
191,1005131653465877,4.0,0,1,1.0,4.0,0,0,5
192,1005136655297150,4.0,0,0,1.0,7.0,0,0,6
193,1005174653175889,3.0,0,0,41.0,4.0,0,1,2
194,1005256816612049,3.0,0,1,46.0,22.0,1,0,3
195,1005300845410906,4.0,1,1,6.0,15.0,1,1,1
196,1005306580729150,5.0,1,1,35.0,21.0,1,0,2
197,1005341402038393,4.0,0,1,1.0,4.0,0,0,4
198,1005373634294056,4.0,1,1,1.0,4.0,0,0,6
199,1005373883466815,4.0,1,0,6.0,1.0,0,1,4
200,1005379144784841,4.0,0,1,24.0,5.0,1,0,1
201,1005381287253931,5.0,1,1,31.0,28.0,1,1,6
202,1005400094896008,4.0,0,1,1.0,2.0,0,0,1
203,1005402746038293,3.0,0,0,19.0,16.0,1,0,5
204,1005488237336444,4.0,0,0,50.0,30.0,0,1,2
205,1005497616501021,4.0,0,1,13.0,22.0,0,0,2
206,1005535330182925,3.0,0,1,2.0,3.0,1,0,5
207,1005545257053307,2.0,0,0,191.0,37.0,1,0,6
208,1005553714687743,4.0,0,1,51.0,23.0,1,1,1
209,1005613684531146,4.0,1,0,37.0,17.0,0,1,0
210,1005629642501021,4.0,1,1,18.0,25.0,0,0,2
211,1005630791206101,4.0,1,1,1.0,4.0,0,1,4
212,1005672294726953,2.0,0,0,2.0,2.0,1,1,6
213,1005721342678154,2.0,1,1,9.0,9.0,1,0,6
214,1005739684635452,3.0,0,1,12.0,11.0,0,0,4
215,1005756226202071,3.0,0,1,36.0,20.0,1,1,3
216,1005760621001405,4.0,0,1,4.0,7.0,1,1,0
217,1005786246918782,3.0,0,0,1.0,3.0,1,0,6
218,1005809062790476,4.0,0,0,8.0,6.0,1,1,5
219,1005856978999240,3.0,0,1,54.0,13.0,0,0,8
220,1005857246824844,4.0,1,0,18.0,16.0,0,0,0
221,1005867569257830,4.0,1,1,12.0,9.0,1,1,6
222,1005883757680099,4.0,0,1,1.0,3.0,0,1,1
223,1005916924009079,4.0,1,1,3.0,13.0,0,1,6
224,1005946243028031,5.0,1,1,16.0,12.0,0,0,1
225,1005961225984297,1.0,0,0,1.0,1.0,0,0,6
226,1005963113678530,3.0,0,1,1.0,1.0,0,1,7
227,1005974030852071,6.0,1,1,25.0,18.0,1,0,1
228,1005977479728877,5.0,1,0,34.0,19.0,1,0,1
229,1006126664981323,4.0,0,0,17.0,7.0,0,1,0
230,1006135388963775,4.0,1,0,1.0,4.0,0,0,6
231,1006144434950645,4.0,1,1,5.0,14.0,0,1,6
232,1006151597195479,4.0,0,0,69.0,17.0,1,0,7
233,1006211477334111,1.0,1,1,2.0,1.0,0,1,3
234,1006285049433847,4.0,1,1,2.0,5.0,0,0,7
235,1006295710877832,4.0,0,0,5.0,12.0,0,0,4
236,1006305243230308,5.0,0,1,1.0,5.0,0,1,1
237,1006318914677074,3.0,0,0,50.0,8.0,0,1,4
238,1006327784303631,3.0,0,1,27.0,18.0,1,0,2
239,1006331268160436,3.0,1,0,7.0,5.0,0,1,6
240,1006353889898512,4.0,0,1,23.0,5.0,1,1,4
241,1006394163271232,3.0,1,0,3.0,3.0,0,0,6
242,1006395956701745,5.0,1,0,2.0,8.0,0,1,2
243,1006439357220532,2.0,0,1,87.0,9.0,1,0,4
244,1006470200717120,4.0,1,0,9.0,5.0,0,0,4
245,1006495031500611,7.0,0,0,10.0,12.0,1,0,6
246,1006520685524185,3.0,0,1,7.0,5.0,1,1,5
247,1006669422397306,4.0,1,0,2.0,2.0,0,1,7
248,1006683875453587,4.0,1,1,52.0,24.0,1,0,4
249,1006721915977751,4.0,0,1,4.0,13.0,0,1,3
250,1006738639592351,4.0,0,1,22.0,7.0,1,1,7
251,1006765856532631,4.0,1,1,4.0,18.0,0,1,1
252,1006783696860554,4.0,0,0,1.0,4.0,1,0,6
253,1006787062298408,4.0,1,0,2.0,4.0,1,1,7
254,1006840153853655,5.0,0,1,22.0,26.0,1,1,1
255,1006846187687778,3.0,0,0,5.0,8.0,0,0,6
256,1006891025583187,5.0,1,0,3.0,6.0,0,1,4
257,1006902346012802,4.0,0,1,12.0,7.0,1,1,6
258,1006949988503084,5.0,0,0,1.0,5.0,0,0,3
259,1006951557776508,2.0,1,0,4.0,3.0,0,0,6
260,1007042424241782,4.0,1,0,5.0,7.0,0,1,6
261,1007084770268334,4.0,0,0,1.0,4.0,0,1,5
262,1007107768319365,5.0,0,0,2.0,5.0,1,0,5
263,1007193820367597,3.0,0,1,16.0,27.0,0,0,6
264,1007207679958308,4.0,0,1,2.0,24.0,1,1,3
265,1007212466435078,4.0,0,1,15.0,3.0,0,1,1
266,1007254250810661,4.0,1,1,45.0,15.0,0,1,4
267,1007268092226900,2.5,1,1,11.0,10.0,0,1,6
268,1007303612702738,3.0,0,1,7.0,6.0,1,1,3
269,1007392320101957,4.0,1,1,16.0,18.0,0,1,6
270,1007409099917860,2.0,0,1,116.0,13.0,1,1,1
271,1007444336000486,6.0,0,0,117.0,34.0,1,1,4
272,1007447507538719,4.0,0,0,28.0,30.0,0,1,7
273,1007467285869966,5.0,1,1,9.0,11.0,0,0,2
274,1007583099126207,4.0,1,0,4.0,12.0,0,1,6
275,1007584167952773,4.0,0,1,19.0,9.0,1,1,2
276,1007589759793437,5.0,1,0,1.0,5.0,0,1,6
277,1007640724127258,4.0,1,1,6.0,7.0,0,0,0
278,1007642116788955,4.0,0,1,3.0,10.0,0,1,2
279,1007654000671281,5.0,0,1,72.0,25.0,1,0,5
280,1007669910540664,5.0,1,1,6.0,9.0,1,0,7
281,1007698952821561,4.0,1,0,24.0,8.0,0,0,0
282,1007717311952194,4.0,1,0,117.0,47.0,0,0,2
283,1007741509111100,3.0,1,1,2.0,2.0,1,1,5
284,1007756604110255,4.0,1,1,3.0,4.0,1,1,8
285,1007795656088204,4.0,1,1,7.0,5.0,0,0,0
286,1007812091131644,4.0,1,1,14.0,10.0,0,1,3
287,1007816901824719,3.0,1,1,112.0,22.0,1,0,1
288,1007873150226541,2.0,0,0,1.0,5.0,0,1,6
289,1007894702195665,8.5,0,0,1.0,8.5,1,0,6
290,1007911430233428,3.0,1,1,1.0,3.0,0,1,4
291,1007934352497686,6.0,1,0,9.0,11.0,1,1,5
292,1007958717396711,3.0,1,0,2.0,3.0,0,0,7
293,1007991103332290,4.0,0,1,3.0,3.0,0,1,3
294,1008001914451253,4.0,1,1,3.0,3.0,0,0,0
295,1008045542479357,4.0,1,1,24.0,10.0,1,1,0
296,1008053640738092,4.0,0,1,3.0,3.0,0,1,7
297,1008060371011585,5.0,1,1,15.0,11.0,1,1,0
298,1008080285499842,4.0,0,1,1.0,4.0,0,1,5
299,1008093526851446,4.0,0,1,36.0,20.0,0,0,2
300,1008125993470346,3.0,1,1,12.0,16.0,1,1,7
301,1008164488580382,4.0,0,1,53.0,31.0,1,1,6
302,1008222866001154,4.0,1,1,9.0,19.0,0,0,2
303,1008235923157589,3.0,0,1,2.0,3.0,0,0,2
304,1008255143921913,5.0,0,0,1.0,5.0,0,0,5
305,1008300765029025,8.0,0,0,5.0,8.0,1,0,5
306,1008332355394244,2.5,1,1,13.0,4.0,1,1,0
307,1008351504423109,3.0,1,0,6.0,3.0,1,0,5
308,1008357571210901,4.0,0,0,6.0,3.0,1,0,4
309,1008522066166913,4.0,0,1,5.0,7.0,1,1,1
310,1008540791866786,4.0,0,1,1.0,4.0,1,0,1
311,1008557384741795,4.0,0,1,3.0,4.0,1,0,4
312,1008564807633117,4.0,0,1,1.0,4.0,0,0,7
313,1008622733837341,4.0,1,0,6.0,4.0,0,0,4
314,1008627415717829,3.0,0,1,296.0,24.0,1,1,4
315,1008670240360227,4.0,0,0,1.0,4.0,0,1,6
316,1008710118086665,4.0,1,0,5.0,12.0,0,0,6
317,1008737621017610,4.0,1,1,19.0,16.0,0,1,4
318,1008772665759706,1.0,0,0,22.0,16.0,1,1,4
319,1008781631802469,7.0,0,1,60.0,37.0,0,1,0
320,1008820324837392,4.0,1,1,13.0,6.0,0,1,0
321,1008844766307732,4.0,1,1,12.0,17.0,1,0,1
322,1008884202813410,4.0,1,0,24.0,12.0,0,1,6
323,1008916649135005,4.0,0,0,12.0,10.0,1,1,5
324,1008924786363328,4.0,1,1,82.0,27.0,1,1,0
325,1008968523893532,4.0,1,0,55.0,35.0,1,1,1
326,1008972692243920,5.0,1,1,2.0,5.0,1,1,3
327,1008981061334220,5.0,1,1,9.0,14.0,1,0,3
328,1008994947065309,4.0,1,0,8.0,11.0,0,1,0
329,1009009607498690,4.0,1,0,32.0,13.0,1,1,0
330,1009048665138230,4.0,1,1,11.0,18.0,0,0,6
331,1009072241439107,4.0,0,1,37.0,16.0,1,1,0
332,1009083122595973,3.0,1,1,6.0,8.0,1,1,0
333,1009093134243267,4.0,1,1,39.0,26.0,1,1,6
334,1009139853780079,2.0,0,0,23.0,23.0,1,0,6
335,1009229536635380,4.0,1,1,1.0,7.0,1,1,6
336,1009252776618684,5.0,0,1,10.0,9.0,0,0,3
337,1009258919177759,4.0,0,0,37.0,18.0,0,0,8
338,1009292729883066,3.0,1,1,2.0,8.0,0,0,1
339,1009401301199185,4.0,1,1,5.0,5.0,0,1,4
340,1009494328353623,2.5,1,1,49.0,13.0,1,0,4
341,1009557443075044,5.0,0,1,1.0,17.0,0,0,1
342,1009598151118500,2.5,1,0,68.0,24.0,0,1,4
343,1009669778865563,1.0,0,0,6.0,21.0,0,1,7
344,1009713518481107,9.0,0,1,8.0,22.0,1,1,6
345,1009746638524690,4.0,0,0,22.0,10.0,1,1,1
346,1009794212338997,4.0,0,1,1.0,4.0,0,0,5
347,1009866382389939,4.0,1,0,7.0,4.0,0,1,4
348,1009898224121742,4.0,1,0,18.0,9.0,1,0,0
349,1009907088668581,4.0,0,1,1.0,4.0,0,0,5
350,1009934739692268,5.0,1,0,1.0,5.0,0,0,4
351,1009956459333986,4.0,0,1,60.0,25.0,1,0,6
352,1009958908198207,4.0,1,1,11.0,8.0,1,0,4
353,1009961010621143,4.0,0,1,2.0,6.0,0,1,7
354,1010012971195665,3.0,1,0,23.0,9.0,1,1,4
355,1010029029795012,4.0,1,1,7.0,18.0,0,0,5
356,1010030008316258,4.0,0,0,12.0,14.0,1,1,5
357,1010031587374189,4.0,0,1,41.0,10.0,1,1,0
358,1010059005093122,4.0,1,1,6.0,5.0,0,0,1
359,1010080995478422,1.5,0,0,1.0,1.5,0,0,6
360,1010115997209405,3.0,0,1,84.0,9.0,1,0,4
361,1010122562344812,2.0,1,0,9.0,6.0,0,1,4
362,1010123536271127,4.0,0,0,2.0,1.0,0,0,6
363,1010131454054937,6.0,0,0,5.0,11.0,1,1,0
364,1010163666207092,4.0,1,0,3.0,3.0,1,0,7
365,1010236146388793,2.0,0,1,24.0,19.0,1,1,4
366,1010255144713581,3.0,0,1,123.0,50.0,1,0,1
367,1010262868566768,6.0,1,1,5.0,8.0,0,1,1
368,1010312102539802,3.0,1,0,4.0,5.0,0,0,4
369,1010358462837790,6.0,0,1,89.0,29.0,1,1,3
370,1010366111082767,2.0,0,1,87.0,32.0,0,0,1
371,1010375815805305,4.0,0,1,1.0,4.0,1,1,6
372,1010402831320823,4.0,1,1,6.0,4.0,1,0,6
373,1010455859473996,4.0,0,1,2.0,5.0,0,0,1
374,1010482896852866,4.0,0,1,5.0,5.0,1,1,6
375,1010498548415471,4.0,1,0,3.0,8.0,1,1,2
376,1010533964876212,5.0,1,0,29.0,25.0,0,0,3
377,1010540189693951,4.0,0,1,4.0,6.0,1,0,7
378,1010563939232545,3.0,1,1,11.0,10.0,1,0,0
379,1010588591399870,4.0,0,1,7.0,5.0,0,1,1
380,1010605667656740,5.0,1,1,4.0,5.0,0,0,1
381,1010632105263840,8.0,0,1,12.0,11.0,1,0,5
382,1010658689650692,4.0,0,1,47.0,29.0,1,0,6
383,1010690476627166,4.0,0,0,1.0,4.0,1,1,5
384,1010721095594895,4.0,0,1,2.0,3.0,0,1,3
385,1010751221942405,4.0,0,1,9.0,17.0,1,0,1
386,1010780688440896,3.0,1,0,70.0,12.0,1,1,5
387,1010791400937310,4.0,1,1,3.0,6.0,0,0,7
388,1010801083457514,3.0,0,1,94.0,27.0,1,0,3
389,1010810293243435,3.0,1,1,26.0,15.0,1,0,3
390,1010829508658469,6.0,0,1,3.0,7.0,0,1,3
391,1010830355797379,6.0,1,1,2.0,4.0,1,0,6
392,1010854680087943,5.0,0,1,12.0,12.0,1,1,0
393,1010876229658940,4.0,1,1,26.0,12.0,1,1,0
394,1010905812755398,5.0,0,1,14.0,20.0,0,0,6
395,1010923808029704,3.0,1,1,20.0,17.0,1,0,0
396,1011018511798548,4.0,1,0,13.0,8.0,1,0,1
397,1011018535020717,4.0,0,1,37.0,19.0,1,1,1
398,1011049318299488,3.0,0,0,6.0,5.0,1,1,7
399,1011098065426388,4.0,1,1,11.0,13.0,0,0,1
400,1011113677316978,3.0,1,1,13.0,6.0,0,1,2
401,1011114159654816,4.0,1,1,77.0,24.0,0,0,4
402,1011118457382013,5.0,0,0,10.0,8.0,1,1,5
403,1011137270746048,2.5,0,0,86.0,26.0,1,0,4
404,1011148093057747,3.0,1,1,3.0,5.0,1,1,4
405,1011152619098862,4.0,1,1,8.0,3.0,0,0,5
406,1011159296604126,4.0,0,0,2.0,1.0,0,0,5
407,1011166011470331,4.0,1,1,3.0,5.0,0,0,1
408,1011188496333659,5.0,1,1,2.0,5.0,1,0,5
409,1011193479656335,4.0,0,1,32.0,10.0,0,0,1
410,1011213144755368,4.0,1,1,57.0,38.0,0,1,0
411,1011248116165623,4.0,1,1,2.0,4.0,0,1,3
412,1011290918755304,3.0,1,0,7.0,12.0,0,0,6
413,1011316471232738,3.0,1,1,30.0,9.0,0,0,1
414,1011339615940313,4.0,1,1,8.0,16.0,0,0,8
415,1011349690448895,4.0,0,0,11.0,9.0,0,0,7
416,1011444507751981,4.0,1,0,4.0,2.0,0,0,4
417,1011463160949177,4.0,1,0,24.0,5.0,1,0,4
418,1011529569580141,3.0,1,0,11.0,13.0,0,0,4
419,1011537382553747,4.0,0,0,26.0,7.0,0,1,6
420,1011539940657706,4.0,0,1,3.0,5.0,0,1,8
421,1011589747196694,2.0,1,0,12.0,10.0,1,0,4
422,1011596385892598,4.0,1,1,2.0,6.0,1,1,3
423,1011605644046440,3.0,1,1,77.0,18.0,0,0,2
424,1011664329493115,4.0,0,1,1.0,4.0,1,1,2
425,1011676535042810,6.0,0,1,31.0,28.0,0,0,1
426,1011681316803849,4.0,0,0,2.0,3.0,0,0,4
427,1011721048371435,4.0,0,0,13.0,24.0,0,0,1
428,1011742092324345,5.0,1,0,2.0,7.0,0,1,0
429,1011761965299986,4.0,0,1,41.0,33.0,0,0,1
430,1011839263514763,4.0,0,0,16.0,7.0,0,0,4
431,1011852324526185,4.0,1,1,11.0,13.0,0,1,0
432,1011936727324620,2.0,0,1,131.0,27.0,1,0,1
433,1011984451254249,6.0,0,1,1.0,6.0,1,1,8
434,1012019191474509,5.0,0,0,1.0,1.0,0,0,6
435,1012065705339888,6.0,1,0,4.0,6.0,1,1,3
436,1012133793187374,4.0,1,1,17.0,9.0,1,0,7
437,1012135566403674,6.0,0,1,1.0,6.0,0,0,3
438,1012152674071274,3.0,1,1,8.0,5.0,0,0,2
439,1012157388812441,4.0,1,1,1.0,7.0,1,1,2
440,1012183803207738,5.0,1,1,13.0,19.0,0,0,6
441,1012198439271077,3.0,1,1,7.0,22.0,0,0,6
442,1012201969769720,3.0,1,0,6.0,5.0,0,1,4
443,1012217731137451,4.0,1,1,145.0,34.0,1,0,0
444,1012245874850906,4.0,0,0,5.0,4.0,0,0,4
445,1012314103423287,4.0,0,1,7.0,7.0,0,1,5
446,1012331925924488,5.0,1,0,3.0,3.0,0,0,5
447,1012336734311467,3.0,1,1,31.0,12.0,1,0,4
448,1012451537739147,4.0,0,1,33.0,35.0,0,0,3
449,1012489898713216,3.0,0,0,14.0,9.0,0,1,6
450,1012517690274045,6.0,1,1,1.0,3.0,0,1,1
451,1012521800720964,3.0,0,0,8.0,10.0,0,0,3
452,1012602921387691,3.0,0,1,45.0,13.0,0,0,2
453,1012629455821774,2.0,0,1,69.0,19.0,1,1,0
454,1012656040046717,2.0,1,0,18.0,8.0,0,0,1
455,1012745262286695,3.0,0,0,106.0,18.0,1,1,4
456,1012804404446479,4.0,0,1,12.0,4.0,1,1,6
457,1012858238476393,4.0,1,1,13.0,16.0,1,0,5
458,1012877450215153,4.0,0,1,31.0,22.0,1,0,4
459,1012917365584620,5.0,0,0,5.0,3.0,0,1,3
460,1012933306115265,3.0,0,0,2.0,2.0,0,0,1
461,1012972202167831,4.0,0,1,6.0,3.0,1,1,1
462,1013002837699175,3.0,1,0,13.0,20.0,1,0,4
463,1013006011021714,8.0,1,0,1.0,8.0,1,0,6
464,1013044102131454,4.0,1,1,1.0,4.0,0,1,3
465,1013113992183727,3.0,1,1,14.0,17.0,0,0,0
466,1013141455587911,3.5,1,0,1.0,1.0,0,1,4
467,1013147545099173,3.0,0,1,26.0,11.0,1,0,6
468,1013168571628687,4.0,1,1,14.0,12.0,1,0,6
469,1013265729966711,3.0,0,0,3.0,8.0,0,0,2
470,1013293425961532,4.0,0,1,3.0,3.0,0,0,2
471,1013300073049847,4.0,0,1,45.0,14.0,1,0,1
472,1013325575657505,5.0,1,1,24.0,21.0,0,0,5
473,1013393322957956,3.0,0,0,6.0,6.0,1,0,5
474,1013403882912415,5.0,1,1,10.0,9.0,1,0,1
475,1013427557025026,6.0,1,1,1.0,6.0,0,1,5
476,1013429263109830,5.0,1,1,12.0,18.0,0,1,0
477,1013555774110871,4.0,1,1,2.0,4.0,1,1,6
478,1013557536306799,4.0,0,0,1.0,4.0,1,0,6
479,1013581345913442,3.0,1,0,6.0,5.0,0,0,4
480,1013592350571312,3.0,0,0,1.0,3.0,0,0,4
481,1013624109317787,3.0,0,1,60.0,19.0,1,1,2
482,1013627697264259,5.0,1,1,6.0,5.0,1,1,6
483,1013669253531610,4.0,1,0,17.0,17.0,0,0,6
484,1013687028833943,3.0,1,1,227.0,43.0,1,0,0
485,1013720357986055,4.0,1,0,28.0,15.0,1,1,6
486,1013756650302841,5.0,1,1,39.0,22.0,1,0,6
487,1013760279588814,4.0,0,0,59.0,17.0,1,0,4
488,1013764861366286,4.0,1,0,5.0,4.0,1,0,6
489,1013769906008954,4.0,1,1,39.0,19.0,0,0,3
490,1013781326214142,3.0,0,0,8.0,2.0,0,0,4
491,1013881594937368,5.0,1,0,1.0,5.0,0,1,6
492,1013928455322946,8.0,0,1,38.0,29.0,1,0,1
493,1013998198275489,5.0,0,1,8.0,13.0,0,0,2
494,1014002286442918,4.0,0,1,10.0,8.0,1,1,6
495,1014023175540508,4.0,1,0,7.0,16.0,1,0,5
496,1014074024222908,6.0,0,0,18.0,11.0,1,1,4
497,1014087917164582,4.0,1,0,2.0,11.0,1,1,6
498,1014103626919593,5.0,0,1,3.0,6.0,0,0,1
499,1014204320123665,6.0,1,1,2.0,6.0,0,1,3
500,1014210191862015,8.0,1,0,12.0,20.0,0,0,6
501,1014226987905231,3.0,0,1,10.0,11.0,1,0,2
502,1014241381410099,4.0,0,0,43.0,21.0,1,1,6
503,1014384740728586,4.0,0,1,37.0,26.0,0,1,3
504,1014404298899658,3.0,0,0,7.0,15.0,0,0,6
505,1014410108339962,3.0,1,1,24.0,13.0,1,0,7
506,1014410908260213,4.0,1,1,5.0,6.0,0,0,1
507,1014417748145632,4.0,1,0,38.0,13.0,0,1,4
508,1014497118640493,4.0,0,0,6.0,4.0,0,1,5
509,1014541906103605,4.0,1,1,5.0,10.0,0,1,6
510,1014562262794160,4.0,0,0,2.0,14.0,0,0,4
511,1014571239084005,3.0,0,1,34.0,34.0,1,0,3
512,1014575950191035,5.0,1,0,26.0,14.0,1,0,1
513,1014598931590283,4.0,1,0,1.0,4.0,1,0,5
514,1014599244201422,3.0,1,0,3.0,5.0,1,1,5
515,1014623316106718,5.0,1,1,9.0,18.0,0,0,8
516,1014635429140800,4.0,0,1,10.0,7.0,1,1,1
517,1014676965855681,4.0,0,0,1.0,4.0,0,0,5
518,1014718201015234,5.0,1,0,6.0,8.0,0,0,0
519,1014780526039516,3.0,1,1,6.0,5.0,1,0,5
520,1014787446549071,3.0,0,0,8.0,11.0,1,0,3
521,1014821345779464,4.0,1,1,5.0,5.0,1,1,0
522,1014836206388440,6.0,1,0,12.0,13.0,1,1,6
523,1014840902049703,4.0,0,0,8.0,8.0,1,0,6
524,1014880910768142,4.0,1,1,26.0,26.0,1,1,5
525,1014896330486801,4.0,0,1,4.0,4.0,1,1,0
526,1014904168887285,5.0,0,1,3.0,19.0,0,1,1
527,1014987877283654,4.0,0,1,9.0,9.0,1,0,1
528,1014993646441361,4.0,1,1,2.0,4.0,0,0,0
529,1015001063418091,4.0,0,1,109.0,32.0,1,0,3
530,1015007668673309,4.0,1,1,9.0,19.0,0,1,2
531,1015045447092019,5.0,1,0,1.0,5.0,1,0,6
532,1015085175794748,4.0,0,1,9.0,6.0,1,1,7
533,1015094215141169,3.0,0,0,2.0,5.0,0,1,5
534,1015099889260161,3.0,0,1,7.0,3.0,1,1,2
535,1015123948704942,4.0,1,0,7.0,7.0,0,0,4
536,1015127088351509,4.0,0,0,1.0,4.0,0,0,2
537,1015151242492586,3.0,1,1,11.0,4.0,0,1,4
538,1015174713627171,5.0,1,1,1.0,5.0,1,0,6
539,1015202118694686,3.0,0,1,30.0,8.0,0,0,4
540,1015207838703458,4.0,0,0,33.0,14.0,1,1,4
541,1015234009342628,4.0,1,1,3.0,8.0,0,1,4
542,1015311706589256,3.0,0,0,1.0,3.0,0,0,6
543,1015377687167357,5.0,1,1,3.0,21.0,1,0,7
544,1015379949837398,4.0,1,1,6.0,8.0,0,1,1
545,1015406614220664,2.0,1,0,1.0,2.0,0,1,5
546,1015426476877097,4.0,0,0,72.0,23.0,1,1,0
547,1015438922741203,4.0,1,0,2.0,10.0,0,0,2
548,1015459345828494,4.0,1,0,16.0,15.0,1,0,3
549,1015489218721270,4.0,0,0,4.0,5.0,0,0,4
550,1015519801762585,6.0,0,1,3.0,42.0,1,0,6
551,1015526528616497,3.0,1,1,4.0,4.0,1,0,0
552,1015595649851827,4.0,0,1,23.0,8.0,0,0,4
553,1015606045427445,4.0,0,0,3.0,2.0,0,0,7
554,1015630966805198,3.0,0,0,6.0,4.0,0,1,8
555,1015684335679217,4.0,1,0,189.0,42.0,1,1,0
556,1015708524752830,5.0,1,0,2.0,12.0,0,0,3
557,1015732375729406,3.0,1,0,3.0,2.0,0,1,6
558,1015734301156706,5.0,1,0,47.0,29.0,0,0,5
559,1015798975492836,4.0,1,1,21.0,17.0,1,0,6
560,1015868478480965,4.0,1,1,67.0,17.0,1,1,0
561,1015869228676997,2.0,1,1,10.0,15.0,1,1,6
562,1015882558876646,4.0,0,0,43.0,9.0,0,1,1
563,1016025567957503,3.0,0,0,149.0,48.0,1,1,4
564,1016048143175900,2.0,1,1,40.0,30.0,1,0,0
565,1016070459137884,4.0,1,1,20.0,19.0,0,1,1
566,1016093168342110,3.0,1,0,1.0,9.0,0,0,6
567,1016153148024105,5.0,0,1,138.0,45.0,1,1,0
568,1016171909495971,4.0,1,0,1.0,4.0,0,0,8
569,1016190480265346,1.0,0,1,1.0,5.0,0,0,5
570,1016191258596532,4.0,0,1,14.0,7.0,0,1,7
571,1016205399128245,4.0,1,1,17.0,11.0,1,1,8
572,1016208458769564,4.0,1,1,2.0,7.0,0,0,6
573,1016218611944035,1.0,1,1,8.0,1.0,1,1,4
574,1016247434871037,4.0,1,1,17.0,25.0,0,0,2
575,1016268028012858,3.0,1,1,7.0,4.0,1,1,0
576,1016302918672743,4.0,0,1,1.0,4.0,1,0,2
577,1016306863688088,6.0,1,0,1.0,6.0,0,0,4
578,1016320998962875,4.0,1,1,46.0,23.0,1,1,0
579,1016382585372214,4.0,0,0,13.0,20.0,1,0,5
580,1016510585278216,4.0,0,1,21.0,14.0,1,1,5
581,1016528248229857,3.0,0,1,12.0,13.0,0,0,6
582,1016545157498488,4.0,0,0,3.0,4.0,0,0,7
583,1016580142596237,4.0,1,1,5.0,4.0,0,0,2
584,1016581934084079,4.0,0,1,18.0,25.0,0,0,2
585,1016596886738482,4.0,0,0,1.0,4.0,0,0,3
586,1016638921761687,4.0,0,1,14.0,14.0,0,0,0
587,1016652214853378,3.0,0,0,1.0,3.0,0,0,3
588,1016657696089475,5.0,0,1,61.0,16.0,1,0,0
589,1016660828775047,5.0,0,0,2.0,11.0,1,1,3
590,1016679650434503,5.0,0,0,7.0,12.0,0,1,6
591,1016749262144067,3.0,1,0,5.0,4.0,0,1,4
592,1016752873216801,2.0,0,1,20.0,10.0,1,0,2
593,1016794963778073,5.0,0,1,1.0,5.0,0,1,1
594,1016795045258728,3.0,0,0,6.0,9.0,1,1,5
595,1016817577110913,6.0,0,0,9.0,7.0,0,1,1
596,1016845076658445,5.0,0,0,3.0,11.0,1,0,1
597,1016864204381222,3.0,0,0,15.0,6.0,1,0,5
598,1016869974988190,4.0,0,1,40.0,29.0,0,0,3
599,1016872359649760,4.0,0,1,9.0,13.0,0,0,2
600,1016900823140892,9.0,0,0,4.0,11.0,1,1,1
601,1017005954117580,6.0,0,1,4.0,21.0,0,0,3
602,1017006115276313,3.0,1,0,41.0,42.0,1,0,0
603,1017044993612885,4.0,0,1,24.0,11.0,0,1,1
604,1017065798816445,3.0,0,1,25.0,30.0,0,0,2
605,1017126463354805,5.0,0,1,17.0,8.0,1,0,6
606,1017229745490632,3.0,1,1,3.0,4.0,1,1,4
607,1017231190433324,4.0,1,0,1.0,4.0,0,1,6
608,1017251216954787,3.0,0,0,36.0,12.0,1,0,4
609,1017364447541425,4.0,0,1,15.0,24.0,1,0,6
610,1017406536366141,4.0,1,1,12.0,13.0,0,1,4
611,1017410664163763,4.0,0,1,33.0,28.0,1,1,7
612,1017416130462484,5.0,1,0,4.0,1.0,0,1,6
613,1017417565696390,4.0,1,0,2.0,14.0,0,1,7
614,1017519522351875,4.0,1,1,9.0,6.0,0,1,1
615,1017560423945588,5.0,0,1,12.0,19.0,1,0,1
616,1017569834302874,4.0,0,1,1.0,4.0,0,0,3
617,1017574128574462,4.0,1,1,3.0,9.0,1,0,5
618,1017625421136786,3.0,1,0,6.0,4.0,0,1,6
619,1017634487584332,4.0,0,0,1.0,4.0,0,0,5
620,1017704723687469,6.0,1,1,13.0,20.0,1,1,7
621,1017733242094519,4.0,0,1,10.0,5.0,0,1,5
622,1017790710511459,5.0,0,1,12.0,17.0,1,1,5
623,1017794962755296,3.0,1,1,3.0,6.0,0,1,8
624,1017803047548187,8.0,1,1,7.0,26.0,0,0,1
625,1017877111031073,4.0,1,1,8.0,5.0,0,1,2
626,1017898318780793,4.0,0,1,1.0,5.0,0,1,1
627,1017901372606425,2.0,0,1,15.0,10.0,0,1,4
628,1017919074921630,4.0,1,1,1.0,4.0,1,0,6
629,1017951776247670,4.0,1,1,4.0,5.0,0,0,4
630,1017969025577881,3.0,0,0,13.0,14.0,1,0,7
631,1018039130099611,4.0,1,0,17.0,5.0,1,0,4
632,1018161258488548,5.0,0,1,6.0,5.0,1,0,5
633,1018186216920083,4.0,0,1,30.0,28.0,0,1,6
634,1018216342217716,6.0,1,1,4.0,19.0,1,0,6
635,1018276295711518,4.0,1,1,5.0,6.0,0,0,2
636,1018279766513840,6.0,1,1,4.0,6.0,0,0,5
637,1018309854747533,5.0,0,1,7.0,7.0,0,0,3
638,1018334565478759,4.0,1,1,7.0,19.0,0,1,4
639,1018418114348974,4.0,0,1,40.0,42.0,1,1,1
640,1018469327563449,4.0,1,1,1.0,4.0,0,1,7
641,1018505538168926,2.0,1,0,28.0,15.0,0,0,4
642,1018507649746734,4.0,1,1,7.0,14.0,1,1,5
643,1018507855402721,4.0,0,1,2.0,7.0,0,1,1
644,1018513542997869,4.0,0,0,31.0,31.0,1,0,1
645,1018558523632643,4.0,0,1,1.0,4.0,1,0,1
646,1018577427983026,3.0,1,0,22.0,12.0,0,1,6
647,1018613239985978,4.0,1,0,10.0,12.0,1,0,5
648,1018625327698721,5.0,1,1,5.0,12.0,0,0,7
649,1018635825590434,4.0,1,0,2.0,3.0,0,0,6
650,1018696097223369,10.0,0,0,1.0,10.0,0,0,6
651,1018708169217296,4.0,1,1,36.0,14.0,1,0,0
652,1018742848115169,4.0,0,0,1.0,4.0,0,0,5
653,1018745906171947,5.0,1,0,31.0,26.0,1,1,5
654,1018818852094797,4.0,0,0,77.0,46.0,0,1,5
655,1018861570636664,8.0,1,1,17.0,26.0,1,1,4
656,1018872195717485,4.0,1,1,7.0,4.0,1,1,6
657,1018878326925132,3.0,1,1,100.0,11.0,1,0,4
658,1018914341428927,4.0,1,1,12.0,10.0,1,1,6
659,1018968104854164,4.0,0,1,8.0,21.0,0,1,3
660,1019121391660750,4.0,1,1,7.0,7.0,1,0,0
661,1019151903434272,2.0,0,0,1.0,2.0,0,0,1
662,1019168941299268,4.0,1,0,4.0,2.0,1,0,5
663,1019212457780700,4.0,1,1,53.0,27.0,1,0,6
664,1019237202350298,7.0,0,0,13.0,15.0,0,1,1
665,1019258263225905,4.0,1,1,15.0,8.0,0,0,0
666,1019274483248197,4.0,0,1,53.0,11.0,1,0,2
667,1019338730295362,4.0,1,1,4.0,5.0,0,1,5
668,1019360408367729,3.0,1,0,68.0,21.0,1,1,4
669,1019407540649310,4.0,0,1,10.0,13.0,0,1,1
670,1019408854302854,3.0,1,0,1.0,3.0,0,1,7
671,1019412125277048,4.0,0,0,6.0,6.0,0,0,5
672,1019430199029851,4.0,1,0,11.0,7.0,0,0,2
673,1019434457708991,4.0,1,0,2.0,3.0,1,0,5
674,1019497330994638,4.0,0,0,1.0,4.0,0,0,7
675,1019505555117852,5.0,1,0,62.0,29.0,1,0,0
676,1019515549542348,4.0,1,0,2.0,6.0,0,0,5
677,1019568993329683,2.0,1,0,3.0,2.0,0,0,4
678,1019569734583661,4.0,0,1,16.0,8.0,1,1,1
679,1019570176199068,4.0,0,0,2.0,4.0,0,0,6
680,1019576506170035,3.0,0,0,10.0,4.0,1,0,4
681,1019580116146373,4.0,1,0,9.0,4.0,0,0,7
682,1019655514882298,3.0,0,0,19.0,16.0,0,0,5
683,1019669426588483,4.0,1,1,23.0,19.0,1,1,3
684,1019687246467528,4.0,1,0,1.0,3.0,1,0,7
685,1019759205900756,3.0,1,1,1.0,9.0,1,0,6
686,1019763100629841,4.0,0,1,32.0,28.0,1,1,1
687,1019846359374592,5.0,0,1,19.0,21.0,0,0,6
688,1019852454013663,4.0,0,0,51.0,11.0,1,0,4
689,1019870019722225,4.0,0,1,1.0,4.0,0,0,6
690,1019915717806478,3.0,0,1,4.0,10.0,1,1,5
691,1019924299689546,4.0,0,0,3.0,6.0,1,0,5
692,1019938535614872,3.0,1,1,1.0,3.0,1,1,5
693,1019939857609508,2.0,0,0,4.0,10.0,0,0,7
694,1019952545405107,4.0,1,1,2.0,5.0,0,0,4
695,1019972315288341,4.0,1,1,9.0,7.0,0,0,0
696,1020020144569998,2.0,0,1,52.0,12.0,1,0,0
697,1020062257227266,4.0,1,1,12.0,11.0,1,0,2
698,1020067477583666,5.0,0,0,25.0,17.0,1,1,7
699,1020078557729775,3.0,0,1,180.0,29.0,1,0,4
700,1020112925810921,4.0,1,1,9.0,6.0,0,0,2
701,1020161490400792,2.0,0,0,27.0,2.0,0,0,4
702,1020192831199471,6.0,0,1,15.0,21.0,0,0,3
703,1020254830966512,7.0,1,1,5.0,9.0,1,1,0
704,1020310946338374,5.0,1,1,7.0,7.0,0,1,0
705,1020328026365974,4.0,0,0,46.0,18.0,1,0,6
706,1020341783834309,4.0,1,0,7.0,15.0,0,0,6
707,1020388995030150,4.0,0,1,14.0,28.0,0,0,3
708,1020389453491476,3.0,0,0,26.0,48.0,1,1,6
709,1020407140444243,4.0,0,1,13.0,6.0,1,1,7
710,1020426349729647,3.0,1,1,13.0,5.0,1,1,7
711,1020477751003832,3.5,0,0,566.0,32.0,1,1,0
712,1020478750239833,4.0,0,0,19.0,13.0,1,0,6
713,1020488580763491,4.0,0,0,6.0,15.0,0,0,1
714,1020494342031227,3.0,1,1,15.0,9.0,0,1,2
715,1020566422182942,4.0,0,1,1.0,4.0,0,0,7
716,1020600036344805,2.0,1,1,29.0,14.0,0,1,2
717,1020645059862264,5.0,1,0,16.0,13.0,0,0,7
718,1020682713930792,4.0,1,0,13.0,7.0,0,0,5
719,1020698409910979,3.0,1,1,6.0,24.0,1,0,7
720,1020703070640152,3.0,0,1,10.0,5.0,1,1,6
721,1020744746435047,4.0,1,1,9.0,6.0,1,0,2
722,1020759455718589,5.0,1,0,12.0,7.0,0,1,4
723,1020784920637607,4.0,0,1,42.0,13.0,1,0,6
724,1020819778569159,4.0,0,1,16.0,4.0,1,1,7
725,1020826228840676,5.0,0,1,12.0,7.0,0,1,1
726,1020853384828163,4.0,1,0,17.0,21.0,1,0,4
727,1020914777758259,4.0,0,0,5.0,11.0,1,0,3
728,1020967632294713,4.0,1,0,20.0,20.0,0,1,4
729,1021041885739982,4.0,0,1,20.0,17.0,0,1,1
730,1021095030074398,4.0,0,1,178.0,24.0,1,0,0
731,1021128223443487,6.0,0,0,2.0,16.0,0,0,6
732,1021394384880878,7.0,0,0,3.0,11.0,0,1,6
733,1021446616019072,4.0,0,1,5.0,12.0,0,0,6
734,1021452771279985,3.0,0,1,12.0,10.0,1,0,4
735,1021482894868490,6.0,1,1,12.0,16.0,0,0,0
736,1021524365059065,4.0,1,0,9.0,8.0,0,1,0
737,1021533829770484,4.0,1,1,45.0,37.0,0,1,6
738,1021564121077810,5.0,0,0,5.0,6.0,0,0,3
739,1021578072745636,4.0,0,0,6.0,4.0,1,1,4
740,1021591328992523,5.0,1,1,7.0,4.0,1,1,0
741,1021625432978262,5.0,1,1,2.0,6.0,1,0,6
742,1021637321450049,4.0,0,1,1.0,3.0,0,1,3
743,1021661931163808,4.0,0,1,22.0,14.0,1,0,3
744,1021683036122993,6.0,0,1,1.0,5.0,0,0,3
745,1021693060010784,7.0,0,0,68.0,35.0,0,0,4
746,1021727256540424,2.0,1,1,14.0,4.0,1,0,4
747,1021738357119839,3.0,1,1,14.0,21.0,0,0,6
748,1021820334798226,1.5,0,0,325.0,41.0,0,1,4
749,1021826760449800,4.0,1,1,10.0,5.0,0,1,7
750,1021841535569446,4.0,1,1,8.0,8.0,1,1,6
751,1021870927900376,5.0,1,1,12.0,6.0,1,0,5
752,1021910977333134,5.0,0,1,10.0,7.0,0,0,1
753,1021986152453416,3.0,1,1,1.0,3.0,0,0,8
754,1022003330179698,5.0,0,0,37.0,11.0,0,0,1
755,1022062868764097,3.0,1,1,2.0,4.0,1,1,4
756,1022078411182508,4.0,1,1,8.0,16.0,0,0,6
757,1022096527427993,3.0,1,1,11.0,4.0,0,0,4
758,1022131835077215,3.5,1,1,11.0,9.0,1,1,2
759,1022141354717660,2.0,1,1,8.0,4.0,0,0,4
760,1022212462337085,2.0,0,1,19.0,5.0,0,1,3
761,1022246458362447,2.0,0,0,24.0,5.0,1,0,5
762,1022320894238396,5.0,0,1,2.0,7.0,1,0,8
763,1022324513331826,4.0,0,0,6.0,4.0,0,0,5
764,1022392550356393,3.0,0,1,24.0,15.0,0,0,2
765,1022406654615529,4.0,0,1,76.0,47.0,1,1,2
766,1022412134702658,2.0,0,1,126.0,14.0,1,0,2
767,1022467714802235,4.0,1,1,12.0,6.0,0,0,4
768,1022477712088920,5.0,1,1,1.0,5.0,0,1,5
769,1022477819090390,4.0,0,1,11.0,10.0,0,1,5
770,1022480995302843,3.0,0,1,6.0,6.0,1,0,1
771,1022512269709758,4.0,0,1,10.0,8.0,0,1,1
772,1022519638288692,8.0,0,0,1.0,8.0,1,1,5
773,1022520219828831,4.0,1,1,2.0,5.0,0,1,1
774,1022553887936454,4.0,0,0,1.0,4.0,0,1,5
775,1022557700399099,5.0,1,1,5.0,4.0,0,0,1
776,1022560944250194,3.0,0,0,1.0,3.0,0,0,3
777,1022565966461573,6.0,1,1,10.0,6.0,1,1,6
778,1022610453246024,6.0,0,0,4.0,5.0,0,1,1
779,1022622615963014,4.0,1,1,2.0,5.0,0,0,7
780,1022660730972320,3.0,0,0,62.0,15.0,1,1,5
781,1022748767645001,6.0,0,1,4.0,6.0,0,0,6
782,1022772910455773,4.0,1,0,2.0,6.0,0,0,5
783,1022796380908744,4.0,0,1,15.0,8.0,1,0,2
784,1022830186974104,1.0,0,1,48.0,11.0,0,1,4
785,1022840087129916,6.0,1,1,48.0,26.0,0,0,4
786,1022962740238794,4.0,1,1,23.0,22.0,1,1,0
787,1022965926554893,3.0,0,1,68.0,40.0,1,1,0
788,1022972985473782,3.0,1,1,9.0,6.0,1,1,2
789,1022982222106731,4.0,0,1,11.0,6.0,1,1,6
790,1023031976465638,4.0,0,1,1.0,3.0,1,1,5
791,1023035189966463,5.0,1,1,1.0,5.0,0,1,7
792,1023096365327898,4.0,0,1,6.0,4.0,0,0,3
793,1023148491666492,3.0,1,1,4.0,5.0,1,1,6
794,1023155204772159,4.0,0,1,25.0,25.0,1,1,2
795,1023163262710525,3.0,1,0,17.0,9.0,1,0,5
796,1023198477094559,5.0,0,1,5.0,16.0,0,0,7
797,1023215520512386,5.0,0,1,11.0,9.0,0,0,6
798,1023253855166881,3.0,1,1,1.0,3.0,0,0,7
799,1023310738730000,4.0,1,0,60.0,29.0,1,0,1
800,1023314407430475,3.0,1,1,20.0,11.0,1,0,4
801,1023316827546491,5.0,0,1,5.0,14.0,0,1,1
802,1023348095460469,3.0,1,1,5.0,4.0,1,1,5
803,1023375222887639,5.0,0,1,1.0,5.0,0,1,1
804,1023375603128771,5.0,1,1,9.0,8.0,1,1,4
805,1023389350689744,4.0,1,1,13.0,2.0,0,0,2
806,1023410173432818,4.0,1,1,7.0,6.0,0,0,5
807,1023455022653266,3.0,0,0,1.0,3.0,0,0,1
808,1023505011728861,4.0,1,1,4.0,9.0,0,1,1
809,1023512593340572,2.0,1,0,3.0,1.0,1,0,4
810,1023518988056325,3.0,0,0,5.0,5.0,1,1,5
811,1023521805589135,4.0,0,0,48.0,34.0,0,0,5
812,1023527914463601,4.0,0,1,121.0,20.0,1,0,2
813,1023545337638109,4.0,1,1,5.0,5.0,0,0,0
814,1023562414435635,4.0,1,1,4.0,9.0,1,1,3
815,1023570038147506,6.0,0,1,21.0,18.0,1,0,5
816,1023597870118105,4.0,0,1,277.0,37.0,1,0,0
817,1023665083780638,4.0,0,1,52.0,18.0,1,0,1
818,1023722688858336,4.0,0,1,15.0,18.0,1,0,1
819,1023733288544345,4.0,0,1,17.0,11.0,1,1,1
820,1023793876897710,12.0,0,1,9.0,40.0,1,0,6
821,1023860854332218,4.0,1,1,19.0,21.0,0,0,4
822,1023888224776349,5.0,1,0,1.0,5.0,0,0,6
823,1023905079271697,4.0,1,1,5.0,3.0,0,1,3
824,1023931011986978,3.0,0,0,58.0,20.0,0,0,5
825,1023970273252599,4.0,0,0,124.0,16.0,0,1,2
826,1023979687567183,4.0,0,1,22.0,2.0,1,1,4
827,1024002748159795,4.0,1,1,4.0,13.0,0,1,6
828,1024003193911006,4.0,0,1,4.0,4.0,0,1,6
829,1024011126008471,4.0,1,0,1.0,4.0,0,0,6
830,1024049545092108,4.0,0,1,33.0,21.0,0,0,1
831,1024055740529509,4.0,0,1,49.0,14.0,0,0,2
832,1024074357260582,4.0,0,1,1.0,4.0,0,0,5
833,1024108762297830,5.0,0,0,1.0,3.0,1,1,1
834,1024131957905197,4.0,0,0,46.0,20.0,0,0,4
835,1024135684008619,5.0,0,1,1.0,5.0,0,1,0
836,1024142975180718,1.0,0,0,4.0,35.0,1,0,5
837,1024171783170529,4.0,1,1,16.0,8.0,0,1,5
838,1024189106977588,5.0,0,1,30.0,12.0,1,0,5
839,1024251971979506,3.0,0,0,1.0,3.0,0,1,1
840,1024256093150529,3.0,1,1,42.0,21.0,1,1,2
841,1024260240075344,5.0,1,0,18.0,14.0,0,0,7
842,1024296609133059,4.0,1,1,17.0,14.0,0,1,4
843,1024298618876644,4.0,1,1,4.0,7.0,1,0,1
844,1024329256080770,4.0,1,1,20.0,18.0,1,0,0
845,1024342756172820,3.0,1,0,20.0,25.0,0,1,4
846,1024356329698433,4.0,1,1,19.0,5.0,1,1,6
847,1024377029181186,4.0,0,1,16.0,10.0,1,1,6
848,1024411622107027,4.0,1,1,1.0,7.0,0,1,3
849,1024434825015654,4.0,0,1,47.0,28.0,1,1,0
850,1024484498585527,3.0,1,0,19.0,20.0,1,0,7
851,1024536771055750,4.0,1,1,6.0,5.0,0,1,4
852,1024565396827015,4.0,0,1,30.0,24.0,1,0,7
853,1024603694014079,4.0,0,1,26.0,15.0,0,0,3
854,1024711065439670,2.0,1,0,9.0,14.0,1,1,5
855,1024735112235008,5.0,1,0,3.0,15.0,0,0,4
856,1024781232915719,4.0,1,1,14.0,17.0,0,0,1
857,1024793617932808,3.0,1,1,58.0,9.0,1,1,4
858,1024824884822315,4.0,0,0,13.0,10.0,1,1,1
859,1024828811428359,6.0,0,1,1.0,6.0,0,0,3
860,1024856911222737,4.0,0,0,295.0,4.0,0,0,2
861,1024878751340273,4.0,1,1,50.0,19.0,0,0,4
862,1024879103391400,3.0,0,0,5.0,24.0,1,0,7
863,1024880220262122,1.0,0,1,25.0,18.0,1,0,4
864,1024922713562323,4.0,0,1,12.0,4.0,0,0,8
865,1024929580874023,4.0,0,1,2.0,13.0,0,0,3
866,1024946201530458,4.0,0,1,1.0,2.0,1,0,7
867,1024992628433933,4.0,0,1,8.0,5.0,1,1,4
868,1024992657913437,4.0,0,1,33.0,13.0,1,0,0
869,1024993064419093,3.0,1,0,35.0,16.0,0,1,2
870,1025007884170375,4.0,0,1,11.0,1.0,1,1,6
871,1025047398546938,3.0,1,0,15.0,17.0,1,1,4
872,1025061654395788,4.0,1,1,1.0,3.0,0,0,5
873,1025071689261873,4.0,0,1,2.0,4.0,1,1,5
874,1025108480474291,3.0,1,1,3.0,2.0,1,1,4
875,1025129812389694,4.0,1,1,10.0,6.0,1,1,1
876,1025157978990218,4.0,0,1,3.0,10.0,1,0,1
877,1025159684488935,3.0,1,1,12.0,4.0,0,0,4
878,1025204166262104,3.0,1,0,1.0,7.0,1,0,6
879,1025232999499749,5.0,0,0,8.0,7.0,1,1,3
880,1025250990755299,5.0,0,1,20.0,13.0,1,0,0
881,1025256038914826,5.0,1,0,4.0,13.0,1,0,6
882,1025329549333643,4.0,1,1,12.0,4.0,1,1,5
883,1025342369710036,7.0,0,0,1.0,7.0,1,1,6
884,1025347202189826,5.0,0,1,5.0,24.0,1,1,1
885,1025380440209314,6.0,1,1,19.0,35.0,0,1,6
886,1025399182980108,3.0,0,0,3.0,4.0,0,0,4
887,1025441639995170,4.0,1,0,35.0,6.0,0,1,4
888,1025452284973109,4.0,1,0,25.0,8.0,1,1,4
889,1025472130301238,7.0,0,1,1.0,2.0,0,0,3
890,1025480561233608,4.0,0,0,14.0,12.0,1,0,3
891,1025487543711109,1.0,1,0,5.0,8.0,0,0,7
892,1025488431740232,6.0,0,0,2.0,6.0,0,0,1
893,1025522903405059,4.0,1,1,2.0,1.0,1,0,4
894,1025582232021221,5.0,1,1,1.0,5.0,0,1,2
895,1025589986804087,5.0,1,1,4.0,5.0,0,1,0
896,1025592413685937,4.0,1,0,10.0,17.0,0,1,5
897,1025597394218044,1.0,0,0,469.0,40.0,1,1,4
898,1025598529469393,3.0,0,0,506.0,30.0,1,0,1
899,1025607971064367,4.0,1,1,56.0,42.0,0,1,7
900,1025711154709546,4.0,1,1,3.0,7.0,0,0,4
901,1025735316180981,5.0,1,0,1.0,5.0,0,1,7
902,1025806955076376,4.0,0,1,4.0,5.0,0,1,3
903,1025889696360829,3.0,1,1,36.0,17.0,1,1,4
904,1025910773653012,4.0,0,1,10.0,4.0,0,0,2
905,1025928877570302,2.5,0,1,2.0,5.0,0,1,1
906,1025959963398234,4.0,0,1,5.0,4.0,0,1,0
907,1026006679805545,4.0,0,1,10.0,2.0,0,1,1
908,1026024600325825,4.0,1,1,9.0,5.0,1,0,6
909,1026062768392297,3.0,1,0,35.0,35.0,1,0,0
910,1026085006077039,5.0,1,1,1.0,5.0,0,0,0
911,1026092967000273,5.0,0,1,5.0,7.0,1,0,1
912,1026159251752260,3.0,1,0,1.0,3.0,1,0,4
913,1026167629096564,5.0,1,1,33.0,16.0,1,1,4
914,1026226604384536,3.0,1,0,12.0,3.0,0,0,8
915,1026260648517314,4.0,0,1,12.0,11.0,1,1,1
916,1026263931402762,5.0,1,0,1.0,5.0,0,0,6
917,1026286813242232,4.0,1,0,5.0,6.0,0,1,5
918,1026299512807183,5.0,1,1,11.0,16.0,1,1,0
919,1026308157852394,3.0,0,1,127.0,31.0,0,1,0
920,1026329903158317,4.0,1,0,3.0,5.0,1,1,6
921,1026340527527983,1.0,1,0,50.0,27.0,1,1,4
922,1026344490944693,4.0,1,1,6.0,5.0,1,0,0
923,1026396546633471,4.0,1,0,2.0,3.0,0,0,4
924,1026410197854952,3.0,1,0,4.0,3.0,1,1,6
925,1026437912819928,4.0,0,0,34.0,18.0,0,0,4
926,1026450683366163,3.0,0,1,2.0,8.0,1,1,1
927,1026500784646357,6.0,0,0,1.0,6.0,0,0,1
928,1026506405620119,4.0,1,1,1.0,4.0,0,1,4
929,1026511676619526,4.0,0,1,138.0,37.0,1,0,5
930,1026529199377793,5.0,0,1,2.0,9.0,0,1,1
931,1026548350464769,4.0,0,1,5.0,6.0,0,0,3
932,1026572042750526,5.0,1,0,3.0,16.0,1,1,5
933,1026618658532450,3.0,0,0,3.0,3.0,0,0,6
934,1026650949756176,5.0,0,0,5.0,4.0,0,0,4
935,1026724424596950,3.0,1,1,7.0,20.0,0,0,6
936,1026775694153077,2.0,0,1,10.0,3.0,1,0,7
937,1026792723511967,4.0,1,0,16.0,7.0,0,1,4
938,1026815362090928,5.0,0,0,32.0,6.0,0,0,1
939,1026892777830950,5.0,1,1,1.0,5.0,1,0,6
940,1026904548501270,4.0,1,0,6.0,11.0,0,1,4
941,1026910003058685,5.0,0,1,1.0,5.0,0,1,3
942,1026927557754161,5.0,0,1,43.0,22.0,1,0,0
943,1026942131180068,6.0,1,1,39.0,33.0,1,0,7
944,1026960387707785,4.0,1,0,1.0,4.0,1,0,5
945,1026991228741163,5.0,1,0,10.0,6.0,1,0,4
946,1027011694846632,2.0,1,0,30.0,14.0,0,0,5
947,1027017353436756,4.0,0,0,3.0,7.0,0,0,7
948,1027030500014584,4.0,0,1,72.0,31.0,1,1,1
949,1027093134736673,1.0,1,0,22.0,19.0,0,0,2
950,1027136853051518,4.0,1,1,10.0,6.0,0,0,1
951,1027138840914073,4.0,0,1,36.0,9.0,1,0,1
952,1027166168824774,4.0,0,0,26.0,39.0,0,0,6
953,1027261895435153,3.0,1,1,1.0,3.0,0,1,6
954,1027301772032263,5.0,1,1,18.0,22.0,1,0,0
955,1027322038462037,6.0,0,1,12.0,12.0,0,1,1
956,1027362517857442,4.0,1,1,8.0,11.0,0,0,4
957,1027399396308093,4.0,0,1,2.0,4.0,0,1,4
958,1027445733024505,4.0,0,1,7.0,4.0,1,1,5
959,1027462617554965,5.0,0,0,11.0,5.0,0,1,4
960,1027467404762561,4.0,0,1,13.0,9.0,0,0,0
961,1027494793363260,4.0,0,0,3.0,4.0,0,1,3
962,1027496814443777,4.0,0,1,105.0,13.0,1,0,1
963,1027565385310600,4.0,1,0,2.0,4.0,0,0,6
964,1027573784365992,4.0,0,1,1.0,8.0,0,1,0
965,1027640378654043,4.0,0,1,16.0,5.0,0,0,2
966,1027657794056344,1.0,0,0,1.0,1.0,0,0,6
967,1027829338630352,6.0,0,0,4.0,8.0,0,0,1
968,1027907878763751,4.0,0,0,1.0,4.0,0,0,6
969,1027909351096844,11.0,0,0,22.0,15.0,0,0,5
970,1027997276817330,3.0,0,0,104.0,12.0,1,0,4
971,1028003493670371,4.0,1,1,12.0,26.0,1,0,7
972,1028024139045292,4.0,0,1,3.0,4.0,0,0,4
973,1028057871039595,2.0,0,1,55.0,7.0,1,0,0
974,1028109657084418,5.0,1,0,5.0,6.0,0,0,0
975,1028110691131464,3.0,1,1,45.0,7.0,1,1,4
976,1028115701628590,4.0,1,0,9.0,10.0,1,0,6
977,1028148264494777,3.0,0,0,30.0,51.0,1,1,4
978,1028151705135221,4.0,0,1,69.0,17.0,1,1,1
979,1028160411479413,3.0,0,1,9.0,2.0,0,1,2
980,1028222523174508,6.0,1,1,4.0,22.0,1,1,3
981,1028264531047283,4.0,0,0,13.0,3.0,0,0,4
982,1028283049134193,4.0,0,1,32.0,19.0,1,0,3
983,1028295858152022,4.0,1,1,35.0,21.0,1,0,4
984,1028299162272414,3.0,1,1,93.0,24.0,1,0,7
985,1028302856389494,4.0,1,1,8.0,8.0,1,0,7
986,1028324368480940,3.0,0,1,12.0,27.0,1,1,6
987,1028364128557253,5.0,1,0,8.0,2.0,1,1,4
988,1028384858323270,3.0,0,1,14.0,26.0,1,0,1
989,1028403770461478,4.0,0,1,170.0,42.0,0,1,2
990,1028455108910097,4.0,1,1,6.0,12.0,0,1,7
991,1028478789027007,5.0,1,1,2.0,7.0,0,0,1
992,1028548791686568,6.0,1,1,117.0,42.0,1,0,1
993,1028569053653746,4.0,1,0,1.0,4.0,1,0,5
994,1028609214601114,3.0,1,1,25.0,24.0,0,1,2
995,1028642968894425,4.0,1,1,2.0,3.0,0,1,2
996,1028649186041808,3.0,0,1,1.0,3.0,0,0,1
997,1028712892794914,4.0,0,0,4.0,5.0,0,1,2
998,1028716927053854,4.0,1,0,16.0,14.0,1,0,4
999,1028730623882389,3.0,0,0,9.0,9.0,0,0,4
1000,1028761082040447,4.0,1,1,1.0,4.0,0,0,2
1001,1028794796688155,3.0,1,0,11.0,5.0,0,1,3
1002,1028826611698312,4.0,1,0,13.0,2.0,1,0,6
1003,1028885354591229,5.0,1,1,1.0,5.0,1,0,7
1004,1028895613099922,5.0,1,1,10.0,3.0,0,0,2
1005,1028912426497452,4.0,1,1,4.0,5.0,1,0,6
1006,1028915748980954,5.0,0,0,6.0,5.0,0,0,5
1007,1028918881178707,5.0,1,1,20.0,10.0,1,1,4
1008,1028921713215334,3.0,0,1,65.0,20.0,1,1,6
1009,1028956078631680,6.0,1,0,1.0,6.0,0,0,5
1010,1028975743453365,7.0,0,0,1.0,7.0,0,0,3
1011,1028987488723146,2.5,1,1,7.0,7.0,1,0,6
1012,1029012132346804,5.0,1,1,13.0,11.0,0,1,0
1013,1029014056390833,4.0,0,1,7.0,6.0,0,1,7
1014,1029123024687575,2.0,0,1,13.0,3.0,1,1,0
1015,1029159226741975,4.0,0,0,10.0,49.0,0,1,3
1016,1029268341048637,3.0,1,0,6.0,6.0,0,1,6
1017,1029300953471264,5.0,0,1,7.0,4.0,1,0,8
1018,1029325494845923,2.0,1,1,7.0,4.0,0,0,4
1019,1029334251705417,4.0,0,1,76.0,25.0,1,0,4
1020,1029355983472903,5.0,1,1,1.0,5.0,0,0,8
1021,1029388749835476,5.0,1,0,16.0,12.0,0,0,6
1022,1029404251203739,3.0,0,0,8.0,7.0,0,1,4
1023,1029426965115399,5.0,0,0,2.0,12.0,0,0,5
1024,1029430934770489,3.0,1,0,44.0,12.0,1,1,0
1025,1029439175349294,3.0,1,0,8.0,6.0,0,0,4
1026,1029441038069805,4.0,1,1,28.0,18.0,0,0,6
1027,1029501009628001,6.0,0,0,27.0,39.0,1,1,1
1028,1029517093516223,3.0,0,0,77.0,35.0,1,0,4
1029,1029522502997074,4.0,0,0,12.0,5.0,0,1,1
1030,1029544793886219,4.0,0,1,11.0,3.0,0,0,7
1031,1029558817696548,4.0,0,1,38.0,9.0,1,0,0
1032,1029566765859625,4.0,0,1,6.0,8.0,1,1,3
1033,1029592735022324,4.0,0,1,23.0,6.0,1,0,4
1034,1029607858204820,4.0,0,1,4.0,2.0,1,1,5
1035,1029608209597219,4.0,0,1,1.0,4.0,1,1,1
1036,1029619053615936,4.0,1,0,6.0,2.0,1,1,4
1037,1029626423566941,5.0,0,1,7.0,12.0,0,0,6
1038,1029653513264678,3.0,1,0,1.0,3.0,0,0,6
1039,1029706655485835,5.0,0,1,30.0,8.0,0,0,0
1040,1029761320624346,5.0,0,0,10.0,11.0,1,1,1
1041,1029771612840996,3.0,0,0,1.0,3.0,0,1,1
1042,1029788346113142,4.0,0,1,7.0,23.0,0,0,7
1043,1029855202398576,4.0,0,1,8.0,4.0,1,0,6
1044,1029892667445223,4.0,0,0,163.0,37.0,1,0,8
1045,1029909107962032,5.0,0,1,4.0,7.0,0,1,2
1046,1029918096292730,8.0,0,1,6.0,21.0,0,1,6
1047,1029923532957753,4.0,1,1,13.0,7.0,1,1,0
1048,1029928220945456,5.0,0,0,2.0,4.0,0,0,3
1049,1029992251643605,5.0,1,1,1.0,7.0,0,0,7
1050,1030036144037365,3.0,0,1,103.0,34.0,1,0,0
1051,1030088164519345,3.0,0,0,26.0,21.0,1,1,4
1052,1030108717509538,4.0,0,1,17.0,10.0,0,0,2
1053,1030131419679513,4.0,0,1,6.0,5.0,0,0,2
1054,1030136248742339,4.0,0,1,10.0,9.0,1,0,2
1055,1030138599058671,4.0,1,1,6.0,5.0,1,1,2
1056,1030155171981790,4.0,0,0,3.0,5.0,1,1,3
1057,1030202582786923,5.0,1,1,2.0,5.0,0,0,6
1058,1030211969937391,4.0,1,0,2.0,8.0,0,1,4
1059,1030234790702358,4.0,1,0,11.0,9.0,0,0,4
1060,1030251743943217,4.0,0,1,97.0,35.0,0,1,1
1061,1030267794611173,5.0,0,0,3.0,8.0,1,1,7
1062,1030274742254887,3.0,1,1,3.0,5.0,1,0,0
1063,1030279748232358,4.0,0,1,36.0,31.0,1,1,6
1064,1030306192969513,3.0,0,1,50.0,13.0,1,1,1
1065,1030329893148445,4.0,0,1,15.0,8.0,1,1,0
1066,1030331032570376,1.0,0,1,25.0,13.0,0,0,4
1067,1030363803163807,2.5,0,0,1.0,2.5,0,1,6
1068,1030369301187376,2.0,0,1,838.0,34.0,1,0,4
1069,1030453204988281,3.0,1,1,7.0,2.0,0,0,4
1070,1030495346695481,4.0,1,1,3.0,1.0,1,0,7
1071,1030504842212723,7.0,0,0,13.0,20.0,0,0,3
1072,1030602358409191,3.0,0,1,1.0,3.0,1,0,8
1073,1030617038186477,4.0,0,0,16.0,10.0,0,1,6
1074,1030661726269225,7.0,1,0,16.0,24.0,0,0,0
1075,1030689569102844,3.0,1,0,84.0,29.0,1,0,1
1076,1030714111384802,2.0,0,0,10.0,7.0,0,0,4
1077,1030772767470294,3.0,0,1,76.0,13.0,1,0,3
1078,1030774782334438,7.0,0,0,10.0,25.0,0,0,7
1079,1030780371889609,4.0,1,1,37.0,13.0,1,1,4
1080,1030782248909090,3.0,1,1,38.0,18.0,1,0,2
1081,1030812314123898,4.0,0,1,1.0,4.0,0,1,6
1082,1030812555939432,4.0,0,1,7.0,5.0,1,1,4
1083,1030821423237228,6.0,1,1,5.0,7.0,0,0,5
1084,1030834608582624,4.0,0,1,77.0,32.0,1,0,3
1085,1030836126649193,4.0,1,1,18.0,15.0,1,0,5
1086,1030866694470493,4.0,0,0,43.0,18.0,0,0,6
1087,1030877168235586,5.0,0,1,19.0,7.0,1,0,4
1088,1030892800350403,4.0,0,1,1.0,4.0,1,1,3
1089,1030932974174716,3.0,1,0,4.0,10.0,0,0,6
1090,1030941900957552,4.0,1,1,86.0,18.0,1,0,6
1091,1030945315990678,3.0,1,0,8.0,8.0,0,0,4
1092,1030954758084059,2.5,1,0,16.0,4.0,0,1,6
1093,1031023823121360,5.0,0,0,90.0,20.0,1,1,5
1094,1031033303084870,2.0,0,0,12.0,8.0,0,0,4
1095,1031070127975830,6.0,0,1,9.0,17.0,1,1,0
1096,1031106255591731,6.0,0,0,1.0,6.0,1,0,6
1097,1031144647468094,3.0,1,0,14.0,13.0,1,0,4
1098,1031146249136623,3.0,1,1,13.0,6.0,1,1,1
1099,1031178815377291,5.0,0,1,1.0,5.0,0,0,6
1100,1031192975749323,4.0,0,1,3.0,16.0,1,1,6
1101,1031247356502773,5.0,0,1,5.0,9.0,1,1,6
1102,1031268062919228,4.0,1,1,3.0,1.0,0,1,1
1103,1031286292970130,5.0,0,1,1.0,5.0,0,0,1
1104,1031305744657914,4.0,0,1,1.0,2.0,0,1,0
1105,1031374016035538,5.0,0,0,1.0,5.0,0,0,7
1106,1031423401115673,5.0,0,1,2.0,5.0,1,0,6
1107,1031606627086716,4.0,0,1,69.0,16.0,1,0,2
1108,1031624794278239,4.0,0,1,25.0,10.0,1,1,0
1109,1031649453998211,3.0,1,0,23.0,21.0,1,1,6
1110,1031677347706550,6.0,1,1,2.0,10.0,0,0,6
1111,1031682265403276,2.0,0,0,29.0,4.0,0,0,4
1112,1031731260412032,4.0,1,1,16.0,11.0,0,1,6
1113,1031778190820117,4.0,1,0,24.0,2.0,0,1,4
1114,1031847818092981,5.0,0,1,2.0,11.0,0,0,2
1115,1031878280995937,4.0,1,1,23.0,8.0,0,0,6
1116,1031994101837948,4.0,0,0,8.0,12.0,0,0,2
1117,1032002102727836,4.0,1,0,5.0,6.0,1,0,7
1118,1032017791576528,2.0,0,0,77.0,34.0,0,0,1
1119,1032038074172107,4.0,0,1,2.0,4.0,0,1,6
1120,1032091480415114,4.0,1,1,3.0,4.0,0,0,6
1121,1032124853688980,4.0,1,1,35.0,12.0,0,1,2
1122,1032143706575048,4.0,0,1,8.0,3.0,1,1,0
1123,1032163048810317,3.0,0,0,345.0,49.0,0,0,4
1124,1032187165785945,5.0,0,0,27.0,32.0,1,0,3
1125,1032220908992092,4.0,1,0,4.0,2.0,1,0,6
1126,1032221248872389,2.0,1,0,1.0,7.0,0,0,1
1127,1032225749434466,4.0,0,1,77.0,23.0,1,0,2
1128,1032231517347197,9.0,0,0,12.0,28.0,1,0,7
1129,1032357764753069,4.0,0,1,8.0,5.0,0,1,2
1130,1032408705226675,1.0,0,0,8.0,7.0,1,0,5
1131,1032425601643160,3.0,1,0,4.0,18.0,0,0,6
1132,1032454150925984,5.0,0,1,12.0,26.0,0,1,1
1133,1032488141954615,4.0,1,1,11.0,13.0,0,0,3
1134,1032499449267888,4.0,1,0,10.0,8.0,1,0,7
1135,1032517586232023,5.0,1,1,3.0,6.0,0,1,4
1136,1032674819186840,6.0,1,1,7.0,9.0,0,1,1
1137,1032729887096611,3.0,1,1,9.0,5.0,0,1,0
1138,1032742283143550,4.0,0,0,25.0,10.0,0,1,5
1139,1032780841287667,5.0,1,0,2.0,5.0,1,1,1
1140,1032844633987187,4.0,1,0,1.0,4.0,0,0,2
1141,1032894966107349,1.0,0,0,1.0,1.0,1,1,8
1142,1032994092387629,2.0,0,1,16.0,23.0,0,0,3
1143,1033015328828958,3.0,1,1,1.0,4.0,0,0,4
1144,1033023281052969,4.0,0,1,3.0,3.0,0,1,1
1145,1033029587062930,4.0,1,0,1.0,4.0,1,0,6
1146,1033054009313345,4.0,1,1,7.0,6.0,1,0,7
1147,1033061835455866,4.0,0,0,7.0,4.0,0,0,2
1148,1033067935784653,5.0,1,0,1.0,5.0,0,0,6
1149,1033093010277048,4.0,1,1,22.0,5.0,0,0,4
1150,1033138909231401,4.0,1,1,30.0,22.0,0,1,6
1151,1033155673874047,5.0,0,0,3.0,6.0,0,0,3
1152,1033215067775319,4.0,0,1,55.0,23.0,1,1,8
1153,1033252252799989,4.0,0,0,19.0,10.0,0,0,4
1154,1033263683509450,4.0,1,1,5.0,7.0,0,1,4
1155,1033263691048675,5.0,1,1,4.0,20.0,0,0,4
1156,1033343080980523,4.0,1,0,1.0,13.0,1,1,6
1157,1033348477260370,6.0,0,0,13.0,25.0,0,1,5
1158,1033376062629417,4.0,1,1,8.0,7.0,1,1,6
1159,1033385402409022,4.0,1,1,32.0,14.0,1,0,6
1160,1033412105460736,4.0,1,0,15.0,12.0,0,0,6
1161,1033438528417911,4.0,1,1,18.0,7.0,0,1,0
1162,1033484010955706,6.0,0,0,1.0,20.0,1,1,1
1163,1033535233333113,4.0,1,0,145.0,44.0,0,1,0
1164,1033546236297289,4.0,0,1,5.0,19.0,0,1,6
1165,1033586978575757,4.0,0,1,3.0,7.0,1,1,3
1166,1033587485442143,4.0,0,1,15.0,23.0,0,1,1
1167,1033610693200363,2.0,0,0,8.0,4.0,0,1,4
1168,1033618168852826,6.0,0,1,8.0,15.0,0,1,6
1169,1033626788015507,5.0,1,0,4.0,7.0,0,0,0
1170,1033658951252242,3.0,0,0,57.0,13.0,1,1,5
1171,1033659500221177,5.0,1,0,18.0,23.0,0,0,4
1172,1033696853650902,3.0,0,1,6.0,4.0,1,1,1
1173,1033715849447118,1.0,0,0,15.0,7.0,0,1,4
1174,1033722090569193,5.0,0,0,22.0,39.0,0,0,1
1175,1033725561496073,3.0,0,0,3.0,3.0,0,0,3
1176,1033744292345474,4.0,0,0,26.0,13.0,1,0,1
1177,1033758774893940,4.0,1,1,3.0,6.0,1,1,6
1178,1033763113640031,4.0,1,1,13.0,4.0,0,1,4
1179,1033778004502671,5.0,1,1,6.0,20.0,1,0,6
1180,1033812325602334,4.0,1,0,9.0,19.0,0,1,2
1181,1033837251559040,3.0,0,0,9.0,3.0,0,1,4
1182,1033889573315620,4.0,0,1,1.0,9.0,0,1,7
1183,1033893977311713,2.0,0,0,111.0,23.0,0,1,5
1184,1033917187117771,4.0,0,1,22.0,18.0,1,1,2
1185,1033949068190573,3.0,1,1,9.0,10.0,1,1,4
1186,1033960267323982,4.0,1,1,5.0,6.0,0,0,1
1187,1033999941594752,6.0,0,0,26.0,22.0,0,1,2
1188,1034013019249784,3.0,1,1,10.0,18.0,0,1,4
1189,1034049862664412,3.0,1,1,29.0,8.0,1,1,6
1190,1034103636289123,4.0,0,0,3.0,10.0,0,0,5
1191,1034115475935284,4.0,0,1,9.0,13.0,0,0,7
1192,1034116367825249,4.0,0,1,1.0,4.0,0,0,1
1193,1034137168719643,3.0,1,1,22.0,15.0,0,0,4
1194,1034169651581987,3.0,0,1,27.0,44.0,1,1,4
1195,1034193644867116,4.0,0,1,5.0,6.0,0,1,1
1196,1034196158589581,1.0,0,0,260.0,44.0,1,0,4
1197,1034196355724945,4.0,1,1,35.0,23.0,1,0,1
1198,1034201947813041,5.0,1,1,11.0,15.0,0,1,7
1199,1034213070410141,5.0,0,1,2.0,5.0,1,0,1
1200,1034216138626744,5.0,0,0,1.0,5.0,0,0,0
1201,1034254234188162,4.0,0,1,37.0,10.0,1,1,2
1202,1034300384416539,2.5,0,0,20.0,6.0,1,1,5
1203,1034313834181277,4.0,1,0,13.0,7.0,1,0,4
1204,1034340400100837,5.0,1,1,1.0,5.0,0,1,0
1205,1034340973727271,5.0,1,1,4.0,5.0,1,1,5
1206,1034346245467920,4.0,0,1,16.0,5.0,1,1,3
1207,1034347708345724,4.0,1,0,9.0,2.0,0,0,0
1208,1034384160736943,4.0,1,1,16.0,17.0,1,0,1
1209,1034403593419282,4.0,1,1,8.0,6.0,0,0,2
1210,1034441423766427,3.0,1,1,4.0,5.0,0,1,0
1211,1034446764630543,2.5,1,0,6.0,5.0,0,1,7
1212,1034449975741992,7.0,1,0,68.0,39.0,1,0,1
1213,1034512411568788,4.0,1,1,12.0,10.0,1,0,1
1214,1034534634988402,3.0,0,1,304.0,41.0,0,1,0
1215,1034585327862448,4.0,1,0,1.0,4.0,1,0,6
1216,1034605090075507,3.0,1,0,4.0,6.0,1,0,6
1217,1034656789201790,4.0,0,1,11.0,5.0,0,1,6
1218,1034670923244399,5.0,1,0,2.0,6.0,0,1,1
1219,1034687752285578,6.0,0,1,4.0,8.0,0,0,8
1220,1034758567941772,4.0,0,1,6.0,7.0,0,1,0
1221,1034758842690296,3.0,0,1,15.0,12.0,1,1,5
1222,1034778771681301,4.0,0,0,51.0,13.0,0,0,0
1223,1034829852338994,4.0,0,1,99.0,30.0,1,0,6
1224,1034835357110171,3.0,0,1,28.0,25.0,1,0,0
1225,1034870506996435,4.0,0,1,12.0,11.0,1,1,1
1226,1034874453243925,4.0,0,1,5.0,5.0,0,0,1
1227,1034950751317305,5.0,0,0,16.0,8.0,1,0,2
1228,1034980944478964,3.0,1,0,1.0,10.0,0,0,6
1229,1034999514237153,4.0,1,0,7.0,6.0,0,1,6
1230,1035001213215420,4.0,1,1,1.0,4.0,1,1,5
1231,1035025419267366,4.0,1,1,22.0,18.0,0,0,1
1232,1035060942314903,5.0,1,1,12.0,16.0,1,0,4
1233,1035095212624499,2.0,0,1,8.0,7.0,0,0,2
1234,1035105320691655,4.0,0,0,3.0,4.0,1,0,6
1235,1035206545138489,4.0,1,1,22.0,16.0,0,0,4
1236,1035233898611437,3.0,1,1,13.0,11.0,1,1,0
1237,1035236603840498,4.0,0,1,7.0,14.0,1,0,1
1238,1035254156384979,4.0,0,0,62.0,33.0,0,0,1
1239,1035289087994942,4.0,0,1,5.0,6.0,1,1,5
1240,1035315815795045,3.0,1,0,23.0,24.0,0,0,1
1241,1035329172305564,3.0,0,1,5.0,10.0,0,0,5
1242,1035425217732071,8.0,0,0,4.0,8.0,1,1,3
1243,1035459957217079,3.0,0,0,9.0,3.0,0,1,4
1244,1035493922064374,2.0,1,1,10.0,8.0,0,0,2
1245,1035517424750327,5.0,1,1,1.0,5.0,1,0,6
1246,1035573410272594,4.0,1,1,28.0,6.0,1,0,0
1247,1035577737127278,4.0,1,0,10.0,6.0,1,0,6
1248,1035582190541608,5.0,1,1,1.0,5.0,0,1,7
1249,1035616337472088,3.0,1,1,75.0,19.0,1,1,6
1250,1035616621154867,5.0,1,0,3.0,5.0,0,0,4
1251,1035632039826066,4.0,1,1,7.0,3.0,0,0,2
1252,1035639338519262,4.0,0,1,15.0,6.0,0,1,5
1253,1035656040111690,6.0,1,0,1.0,6.0,1,1,5
1254,1035673393812616,5.0,1,0,4.0,10.0,0,1,4
1255,1035695309779073,5.0,0,1,12.0,8.0,0,0,0
1256,1035704424284383,3.0,0,0,1.0,3.0,0,1,8
1257,1035713478211993,4.0,0,0,3.0,14.0,0,0,5
1258,1035726213931285,4.0,0,1,11.0,12.0,1,0,1
1259,1035726257871530,4.0,1,1,33.0,27.0,1,1,0
1260,1035738584406712,4.0,0,1,100.0,20.0,0,1,0
1261,1035760283977699,4.0,0,0,1.0,4.0,0,0,1
1262,1035797688049188,4.0,1,1,4.0,4.0,0,1,6
1263,1035845070705430,3.0,1,1,13.0,3.0,0,0,4
1264,1035866987515899,4.0,0,1,1.0,4.0,0,0,7
1265,1035876028714358,2.0,1,0,13.0,5.0,0,0,4
1266,1035876347783356,4.0,1,1,6.0,6.0,0,0,7
1267,1035903177130910,4.0,1,0,176.0,8.0,1,1,5
1268,1035915374251190,3.0,0,0,6.0,3.0,0,0,5
1269,1035949574595488,4.0,1,1,6.0,10.0,0,0,0
1270,1035960555281855,4.0,0,1,5.0,4.0,0,0,6
1271,1035986558150646,4.0,0,1,75.0,18.0,0,1,4
1272,1036038467163657,3.0,0,1,257.0,45.0,0,0,1
1273,1036046601275319,4.0,0,1,433.0,34.0,1,0,0
1274,1036054487201940,4.0,1,0,2.0,4.0,1,1,5
1275,1036071186390539,4.0,1,1,8.0,3.0,0,0,6
1276,1036074627461386,2.0,1,0,24.0,6.0,1,0,5
1277,1036122714135976,4.0,1,1,7.0,8.0,0,0,7
1278,1036149875471903,4.0,0,1,13.0,4.0,1,0,4
1279,1036298575115249,2.0,0,1,87.0,20.0,1,0,4
1280,1036312449471238,4.0,1,0,5.0,9.0,0,0,7
1281,1036332593250879,4.0,1,0,6.0,5.0,0,1,6
1282,1036353133452393,4.0,1,0,12.0,22.0,0,0,4
1283,1036388452043939,5.0,0,1,3.0,6.0,0,0,2
1284,1036388844557785,5.0,1,0,1.0,5.0,0,1,5
1285,1036409542939182,2.0,0,0,19.0,5.0,1,0,4
1286,1036421275856987,3.0,0,1,13.0,8.0,1,0,6
1287,1036467024094569,4.0,0,1,19.0,8.0,0,0,4
1288,1036473004097499,4.0,1,0,9.0,3.0,0,0,6
1289,1036476218421364,4.0,0,1,47.0,27.0,1,0,1
1290,1036495926102983,5.0,1,1,21.0,15.0,0,0,0
1291,1036520937362627,3.0,1,0,10.0,5.0,1,0,4
1292,1036523107732176,4.0,1,0,1.0,4.0,1,0,6
1293,1036524729265967,5.0,1,1,9.0,12.0,0,0,1
1294,1036553365296417,4.0,0,0,22.0,8.0,0,0,4
1295,1036591688457986,4.0,0,1,57.0,32.0,1,0,3
1296,1036603125446122,3.0,1,1,9.0,8.0,1,1,5
1297,1036626657064589,4.0,0,1,37.0,37.0,1,0,6
1298,1036640703919012,4.0,1,1,8.0,3.0,0,0,2
1299,1036656082383283,4.0,0,1,48.0,14.0,1,0,1
1300,1036684849301560,3.0,1,1,51.0,17.0,0,1,0
1301,1036686720508044,1.0,1,0,8.0,1.0,0,0,4
1302,1036720941139424,3.0,1,0,24.0,8.0,1,1,2
1303,1036771148178280,2.0,0,0,41.0,28.0,0,0,4
1304,1036776307829164,5.0,1,0,1.0,5.0,0,1,7
1305,1036809495195459,5.0,0,0,4.0,7.0,1,1,4
1306,1036834860035238,5.0,0,0,4.0,25.0,0,0,1
1307,1036848149394527,3.0,1,1,29.0,3.0,0,0,4
1308,1036872633145142,3.0,0,0,58.0,33.0,0,0,0
1309,1036895487969696,4.0,1,1,14.0,12.0,1,0,6
1310,1036911333819066,5.0,0,1,1.0,20.0,0,0,3
1311,1036916173431805,4.0,1,1,6.0,11.0,1,0,6
1312,1036927716832874,3.0,0,1,29.0,14.0,1,1,2
1313,1036951898297374,3.0,1,0,5.0,5.0,1,0,5
1314,1036995068723539,1.0,0,0,42.0,39.0,0,0,4
1315,1037022360390318,4.0,1,1,11.0,5.0,0,1,0
1316,1037024467494579,4.0,1,0,5.0,15.0,1,1,8
1317,1037072419443526,4.0,0,1,1.0,4.0,0,0,6
1318,1037099912235793,4.0,0,0,42.0,18.0,1,1,0
1319,1037105033452114,2.0,0,0,1.0,2.0,0,0,5
1320,1037120373292091,4.0,0,0,11.0,1.0,0,1,6
1321,1037126847168855,4.0,0,1,26.0,5.0,1,0,2
1322,1037205927588322,4.0,0,1,5.0,1.0,0,1,1
1323,1037278231438126,6.0,1,0,1.0,6.0,0,0,6
1324,1037318828712540,5.0,1,1,6.0,8.0,1,1,7
1325,1037328323116064,3.0,1,1,131.0,26.0,1,0,0
1326,1037405939374566,6.0,1,0,6.0,6.0,0,0,0
1327,1037424015068878,4.0,1,1,17.0,13.0,0,1,4
1328,1037426404208667,5.0,0,1,1.0,5.0,0,1,1
1329,1037446134367816,4.0,1,0,1.0,4.0,1,1,6
1330,1037521844367711,2.0,1,1,2.0,27.0,0,0,6
1331,1037542061412107,6.0,0,0,1.0,6.0,0,1,1
1332,1037550986125026,4.0,0,0,3.0,4.0,0,0,4
1333,1037590631317505,4.0,1,1,19.0,10.0,1,1,4
1334,1037606185347575,4.0,0,1,19.0,28.0,1,1,5
1335,1037621462101107,3.5,0,0,70.0,41.0,0,0,6
1336,1037651589800737,4.0,1,1,3.0,5.0,0,1,4
1337,1037654075125918,3.0,0,0,51.0,11.0,1,0,6
1338,1037696805261039,4.0,0,1,10.0,26.0,1,1,3
1339,1037732465034894,4.0,0,0,3.0,3.0,0,0,6
1340,1037778529736199,4.0,0,0,1.0,1.0,0,0,6
1341,1037793897092173,2.0,0,0,14.0,12.0,1,1,7
1342,1037827672573349,3.0,1,0,20.0,15.0,0,1,4
1343,1037886268982675,4.0,1,0,3.0,6.0,1,1,4
1344,1037923688277414,4.0,1,1,5.0,6.0,0,1,0
1345,1038020200662532,1.0,1,0,2.0,1.0,0,1,5
1346,1038038916803422,4.0,1,1,3.0,8.0,1,0,8
1347,1038043992191080,4.0,1,1,16.0,5.0,0,0,4
1348,1038047809537238,3.0,1,0,1.0,8.0,0,1,1
1349,1038061895538870,5.0,1,0,63.0,23.0,1,0,1
1350,1038153692608716,8.0,0,0,1.0,8.0,0,1,6
1351,1038156704898372,5.0,0,1,4.0,7.0,0,1,0
1352,1038169352967574,3.0,1,1,49.0,20.0,0,0,4
1353,1038202482428444,6.0,0,0,1.0,6.0,0,1,7
1354,1038283929290640,4.0,0,0,5.0,2.0,0,0,0
1355,1038299277612058,4.0,1,0,5.0,6.0,1,1,0
1356,1038300875963340,4.0,1,1,32.0,28.0,1,1,6
1357,1038329112776581,6.0,0,0,4.0,7.0,0,1,3
1358,1038361361028233,4.0,0,0,22.0,37.0,0,0,3
1359,1038362442675384,2.5,1,0,5.0,20.0,0,1,6
1360,1038432135690038,5.0,1,0,1.0,5.0,0,0,5
1361,1038437165007849,5.0,0,0,240.0,43.0,1,1,1
1362,1038446047964606,4.0,0,0,59.0,6.0,0,0,4
1363,1038446757923597,4.0,1,1,9.0,12.0,0,0,0
1364,1038459524258617,3.0,0,1,1.0,3.0,0,0,3
1365,1038505433590864,4.0,0,1,41.0,14.0,1,1,2
1366,1038586927688618,5.0,0,0,3.0,2.0,1,1,5
1367,1038614501538551,5.0,0,0,1.0,5.0,1,1,1
1368,1038640508672912,6.0,0,0,58.0,30.0,0,1,0
1369,1038695647871719,4.0,1,1,1.0,1.0,0,0,4
1370,1038698267651006,4.0,1,1,2.0,4.0,1,1,7
1371,1038716347038971,4.0,0,1,161.0,30.0,0,1,0
1372,1038778628910246,3.0,1,1,11.0,13.0,1,1,6
1373,1038780043239307,3.0,1,1,14.0,5.0,1,1,5
1374,1038808537350748,4.0,0,0,1.0,4.0,1,0,3
1375,1038815445775532,4.0,0,0,8.0,6.0,1,0,1
1376,1038845563813038,4.0,1,0,27.0,3.0,1,0,5
1377,1038860074407811,4.0,1,1,7.0,6.0,0,0,5
1378,1038910628183279,4.0,0,0,49.0,23.0,1,0,6
1379,1038911487661922,4.0,0,0,21.0,35.0,0,0,5
1380,1038940232241164,4.0,1,1,27.0,17.0,0,1,6
1381,1038946072221342,4.0,1,1,1.0,4.0,0,1,6
1382,1039015901627262,4.0,0,1,9.0,21.0,1,1,1
1383,1039066389051551,4.0,1,1,24.0,12.0,1,1,2
1384,1039086111898742,4.0,0,1,7.0,5.0,0,0,0
1385,1039095087373740,3.0,0,1,7.0,21.0,1,0,3
1386,1039119409652211,5.0,1,1,29.0,19.0,0,1,5
1387,1039192929087862,4.0,0,1,11.0,7.0,0,1,1
1388,1039264254077570,4.0,1,0,2.0,7.0,1,0,2
1389,1039288116711181,4.0,0,0,9.0,11.0,0,0,5
1390,1039359796329307,2.0,1,0,1.0,2.0,1,0,6
1391,1039403206955133,5.0,1,0,1.0,5.0,0,0,6
1392,1039404696292821,6.0,1,1,4.0,16.0,0,1,6
1393,1039421006825500,3.0,0,0,12.0,11.0,0,1,6
1394,1039426143305816,5.0,0,1,29.0,26.0,1,0,1
1395,1039435115121743,4.0,1,1,21.0,21.0,0,0,6
1396,1039449260224525,3.0,0,1,1.0,3.0,1,0,3
1397,1039531472437739,4.0,1,0,1.0,5.0,0,0,6
1398,1039562774291187,4.0,0,1,12.0,6.0,1,1,2
1399,1039578227394206,3.0,1,0,52.0,4.0,1,0,4
1400,1039632076999149,5.0,1,1,17.0,25.0,0,1,7
1401,1039655426409075,4.0,0,1,19.0,12.0,0,1,6
1402,1039672561440527,5.0,1,0,25.0,9.0,1,1,0
1403,1039770849500809,5.0,0,0,1.0,5.0,0,1,1
1404,1039825565487153,4.0,0,0,4.0,4.0,1,0,5
1405,1039866804272925,4.0,0,0,2.0,3.0,0,0,8
1406,1039871286005909,3.0,1,0,10.0,6.0,1,0,4
1407,1039872064882514,4.0,0,1,2.0,4.0,0,0,3
1408,1039898435623128,3.0,1,1,14.0,9.0,1,0,6
1409,1039916760517537,3.0,1,0,1.0,3.0,0,1,6
1410,1039942274833696,4.0,0,0,13.0,10.0,1,1,3
1411,1039954814307345,5.0,0,1,29.0,18.0,0,0,0
1412,1040006998754753,3.0,0,1,15.0,7.0,1,1,1
1413,1040025284309620,2.0,1,1,19.0,6.0,0,1,4
1414,1040073160928250,3.0,1,0,31.0,13.0,1,1,3
1415,1040075741141515,5.0,0,1,4.0,6.0,1,1,0
1416,1040083876252556,4.0,0,1,48.0,30.0,1,0,3
1417,1040098227579312,5.0,1,0,13.0,7.0,0,0,4
1418,1040115761754996,5.0,1,1,8.0,13.0,0,0,0
1419,1040122753901573,3.0,1,1,21.0,7.0,1,1,6
1420,1040132527458660,5.0,0,1,18.0,29.0,1,0,0
1421,1040135935908734,3.0,0,1,94.0,44.0,1,1,1
1422,1040151223623516,4.0,1,1,10.0,9.0,1,0,0
1423,1040170667827052,4.0,1,1,34.0,19.0,1,0,0
1424,1040210205683006,5.0,0,0,3.0,6.0,1,0,5
1425,1040231842718937,4.0,0,1,68.0,23.0,1,0,2
1426,1040247745662055,4.0,1,0,62.0,22.0,1,0,4
1427,1040248095896343,7.0,1,1,26.0,31.0,1,1,6
1428,1040254732903190,5.0,0,0,4.0,10.0,1,0,0
1429,1040267825900211,4.0,1,1,14.0,7.0,1,0,0
1430,1040301914635018,3.0,1,0,1.0,3.0,0,0,5
1431,1040324827384057,4.0,1,1,29.0,6.0,0,1,0
1432,1040335236025363,5.0,0,0,4.0,4.0,0,1,3
1433,1040363193594196,6.0,0,1,36.0,16.0,1,0,3
1434,1040368644362393,4.0,0,1,11.0,10.0,0,1,6
1435,1040456891474560,3.5,0,0,57.0,5.0,1,0,5
1436,1040462634243140,4.0,0,0,5.0,5.0,0,0,3
1437,1040464383162857,4.0,1,1,8.0,3.0,1,1,3
1438,1040576480616116,4.0,1,1,2.0,1.0,0,0,5
1439,1040580590566490,5.0,0,1,23.0,8.0,1,0,4
1440,1040618177008993,6.0,0,1,5.0,8.0,0,0,4
1441,1040670601706271,6.0,1,1,1.0,4.0,0,0,6
1442,1040692177561252,4.0,0,0,13.0,4.0,1,1,2
1443,1040714627056870,4.0,1,1,1.0,8.0,0,0,1
1444,1040741126724771,3.0,1,0,4.0,4.0,1,0,5
1445,1040750291635041,4.0,1,1,3.0,16.0,0,0,6
1446,1040752628827891,3.0,0,1,17.0,16.0,1,1,6
1447,1040777501524933,4.0,0,1,26.0,19.0,1,1,0
1448,1040805790844279,9.0,1,0,6.0,24.0,0,0,6
1449,1040817995703626,4.0,1,1,13.0,2.0,0,0,0
1450,1040879768068134,5.0,1,1,70.0,28.0,1,0,2
1451,1040916786605207,4.0,1,0,9.0,10.0,0,0,5
1452,1040926944920424,5.0,0,1,3.0,5.0,1,0,3
1453,1040974726782685,3.0,0,1,7.0,18.0,1,1,3
1454,1040992997542531,2.0,0,0,9.0,9.0,0,0,5
1455,1041005915064875,3.0,0,0,24.0,3.0,1,1,6
1456,1041091336532307,4.0,0,1,1.0,4.0,0,1,1
1457,1041177539022026,4.0,0,1,7.0,5.0,0,0,4
1458,1041189886484457,12.0,0,0,27.0,28.0,1,0,5
1459,1041208242643410,5.0,1,1,2.0,5.0,0,0,0
1460,1041232692916947,4.0,1,1,8.0,6.0,1,1,7
1461,1041336816974148,3.0,1,1,23.0,14.0,1,1,4
1462,1041354170364061,3.0,0,0,3.0,4.0,0,0,1
1463,1041369373995561,4.0,1,0,2.0,4.0,0,0,6
1464,1041425073778160,3.0,0,1,4.0,4.0,0,0,3
1465,1041445080938296,5.0,1,0,1.0,5.0,1,0,6
1466,1041503754281830,5.0,1,0,16.0,19.0,0,1,6
1467,1041505616173109,3.0,0,1,31.0,20.0,1,1,6
1468,1041560647366913,4.0,0,1,68.0,21.0,1,1,2
1469,1041565102315246,5.0,1,1,89.0,31.0,1,0,1
1470,1041566641097099,5.0,0,0,1.0,9.0,1,0,3
1471,1041571580677752,5.0,0,1,14.0,20.0,0,1,7
1472,1041574665110656,4.0,1,1,72.0,25.0,1,0,6
1473,1041667302184216,2.0,1,0,8.0,36.0,1,0,7
1474,1041719671340059,4.0,1,1,4.0,11.0,1,0,7
1475,1041748967447943,4.0,1,1,8.0,5.0,0,0,1
1476,1041794789680556,4.0,1,1,1.0,3.0,0,1,6
1477,1041847051002096,3.0,1,1,3.0,2.0,0,1,1
1478,1041903940850268,3.0,1,1,59.0,26.0,1,0,7
1479,1041912413436694,4.0,0,0,42.0,37.0,1,1,1
1480,1041944790258972,4.0,1,1,1.0,4.0,0,0,4
1481,1041959251391358,4.0,1,0,19.0,13.0,1,0,4
1482,1042008936370375,4.0,0,1,67.0,25.0,0,1,2
1483,1042018203108549,4.0,0,0,126.0,30.0,1,1,1
1484,1042027960185403,2.0,1,0,20.0,16.0,0,0,1
1485,1042029457990187,5.0,0,0,3.0,4.0,1,0,4
1486,1042036058396478,4.0,0,1,9.0,19.0,0,0,0
1487,1042071001002488,4.0,1,1,29.0,23.0,0,0,7
1488,1042097978630578,2.0,1,1,26.0,22.0,1,0,7
1489,1042124312764795,2.5,0,1,5.0,10.0,1,1,7
1490,1042140440075602,4.0,0,1,6.0,5.0,1,1,6
1491,1042158397912499,8.0,0,0,1.0,3.0,0,0,3
1492,1042165629261102,4.0,1,1,10.0,8.0,0,0,6
1493,1042166126318375,4.0,1,0,1.0,4.0,0,1,6
1494,1042173348063662,6.0,0,0,21.0,26.0,0,0,1
1495,1042205218359206,3.0,0,0,15.0,12.0,1,0,4
1496,1042221491649667,4.0,0,1,10.0,6.0,1,0,1
1497,1042241471112943,2.0,0,0,1.0,2.0,1,0,5
1498,1042258732882033,3.0,0,0,33.0,13.0,1,0,1
1499,1042332786689210,4.0,1,1,17.0,8.0,0,1,0
1500,1042404449950460,6.0,1,1,8.0,7.0,0,1,4
1501,1042406915915706,4.0,0,1,18.0,16.0,1,0,6
1502,1042410302815029,4.0,0,0,149.0,30.0,0,1,4
1503,1042428262927249,4.0,0,1,5.0,7.0,0,0,5
1504,1042429619393526,5.0,1,1,15.0,15.0,1,0,1
1505,1042440982370235,4.0,0,0,1.0,4.0,0,0,3
1506,1042489510713311,5.0,1,0,5.0,1.0,0,0,4
1507,1042539863237221,3.0,1,1,23.0,18.0,1,1,4
1508,1042562047838433,4.0,0,1,2.0,4.0,1,0,3
1509,1042601440436041,2.0,1,0,4.0,5.0,1,0,5
1510,1042652822075969,4.0,0,1,15.0,9.0,1,1,4
1511,1042671948132752,6.0,1,1,12.0,15.0,1,1,0
1512,1042683581004655,4.0,1,1,37.0,5.0,0,1,2
1513,1042725405939696,3.0,1,0,4.0,12.0,0,1,4
1514,1042731136867986,3.0,1,0,1.0,3.0,1,0,0
1515,1042802390444616,4.0,1,0,13.0,15.0,0,0,1
1516,1042806990155996,3.0,0,1,30.0,19.0,1,0,3
1517,1042871202530106,4.0,0,0,8.0,7.0,0,0,5
1518,1042890320159983,5.0,1,0,1.0,5.0,1,0,4
1519,1042906766573631,4.0,0,1,45.0,15.0,1,0,5
1520,1042965796494392,1.0,0,0,1.0,1.0,0,0,6
1521,1042971657063966,4.0,0,1,1.0,1.0,0,1,5
1522,1042988419446394,4.0,0,1,7.0,7.0,0,0,2
1523,1042989576765748,2.0,1,1,18.0,4.0,1,0,4
1524,1042990074656681,4.0,0,1,9.0,9.0,1,1,1
1525,1043014066439621,4.0,1,1,29.0,12.0,1,0,6
1526,1043051210942538,5.0,0,1,3.0,2.0,1,1,5
1527,1043055457896470,4.0,1,1,9.0,4.0,0,1,6
1528,1043055558013080,4.0,1,0,7.0,5.0,0,0,6
1529,1043145297569952,4.0,0,1,2.0,6.0,1,1,1
1530,1043173427712145,4.0,1,1,1.0,4.0,1,1,0
1531,1043228491783390,4.0,0,1,2.0,5.0,1,1,0
1532,1043229447949723,3.0,0,1,3.0,3.0,0,0,6
1533,1043249866467134,4.0,1,0,4.0,4.0,0,1,3
1534,1043291961120759,3.0,1,0,6.0,1.0,0,0,4
1535,1043340402182358,3.0,1,0,13.0,5.0,1,0,5
1536,1043344705962327,3.0,1,1,11.0,5.0,0,0,2
1537,1043358165401562,5.0,0,1,13.0,12.0,0,0,2
1538,1043412912461176,4.0,1,1,2.0,2.0,1,1,7
1539,1043449713595250,4.0,0,0,1.0,4.0,1,0,1
1540,1043461123998452,4.0,0,0,17.0,10.0,0,1,4
1541,1043482800761732,4.0,1,1,5.0,16.0,1,1,6
1542,1043491275073936,8.0,0,0,40.0,26.0,0,1,2
1543,1043500472276146,5.0,1,0,25.0,24.0,1,1,6
1544,1043505223893641,6.0,1,1,3.0,11.0,1,1,6
1545,1043534119083767,4.0,1,0,12.0,6.0,1,1,6
1546,1043562477678714,3.0,1,1,7.0,6.0,0,0,2
1547,1043592167112136,3.0,1,1,137.0,16.0,1,1,2
1548,1043606043814998,5.0,0,1,79.0,26.0,1,0,1
1549,1043620602950156,4.0,0,1,7.0,2.0,0,1,1
1550,1043628151867451,3.0,1,0,11.0,14.0,1,1,5
1551,1043668141751568,4.0,1,0,31.0,16.0,1,0,4
1552,1043694966647366,5.0,1,1,2.0,6.0,0,0,3
1553,1043707938149901,4.0,0,1,22.0,18.0,1,0,6
1554,1043712269063192,3.0,0,1,53.0,20.0,1,1,3
1555,1043733356669288,1.0,1,0,1.0,1.0,1,0,8
1556,1043754365586854,5.0,0,1,4.0,4.0,1,0,3
1557,1043780332502091,5.0,0,0,315.0,54.0,1,1,1
1558,1043802987313782,3.0,0,1,22.0,28.0,1,1,3
1559,1043808179964954,5.0,0,1,2.0,5.0,0,0,2
1560,1043833431220080,5.0,1,0,18.0,14.0,1,1,3
1561,1043836205907613,4.0,1,1,59.0,24.0,1,0,4
1562,1043839432317392,3.0,0,1,8.0,6.0,0,0,4
1563,1043858396254338,3.0,0,1,25.0,10.0,1,1,3
1564,1043882770050599,5.0,0,0,7.0,17.0,1,0,4
1565,1043883576622362,4.0,0,0,12.0,3.0,0,0,5
1566,1043898512298815,3.0,0,0,33.0,46.0,0,0,6
1567,1043918400843047,4.0,0,0,24.0,7.0,1,0,4
1568,1043938615542764,8.0,1,0,33.0,40.0,0,1,6
1569,1043944885197511,4.0,0,1,11.0,8.0,1,0,5
1570,1044002003893499,3.0,0,1,66.0,41.0,1,0,5
1571,1044087370606163,4.0,0,0,5.0,3.0,1,0,0
1572,1044129246528787,4.0,1,0,13.0,2.0,1,0,2
1573,1044136858897392,4.0,0,0,55.0,7.0,0,0,4
1574,1044140983630359,3.0,1,0,25.0,7.0,1,1,4
1575,1044197663085671,5.0,0,0,32.0,34.0,1,0,6
1576,1044201425792544,5.0,1,1,1.0,5.0,0,0,6
1577,1044206348854089,2.0,0,1,60.0,6.0,1,1,4
1578,1044215458544360,4.0,1,1,1.0,4.0,1,1,2
1579,1044259910797604,4.0,1,1,3.0,3.0,0,0,4
1580,1044311685528293,3.0,0,0,8.0,11.0,0,0,4
1581,1044329478656535,2.5,0,0,1.0,2.5,0,0,8
1582,1044335515812925,4.0,1,1,5.0,16.0,0,0,4
1583,1044361149989467,4.0,1,1,9.0,7.0,0,1,4
1584,1044386913071032,3.0,0,1,7.0,3.0,0,0,4
1585,1044438093732552,3.0,0,0,1.0,3.0,0,1,6
1586,1044470678068229,4.0,0,1,2.0,3.0,0,1,1
1587,1044482247008406,5.0,0,0,8.0,3.0,1,1,1
1588,1044510588705682,4.0,1,0,3.0,3.0,0,0,5
1589,1044561275344745,4.0,0,0,31.0,31.0,0,0,0
1590,1044585519530220,2.0,0,1,21.0,12.0,0,1,2
1591,1044603525620701,2.0,0,1,143.0,21.0,1,1,0
1592,1044624093042313,3.0,0,0,16.0,8.0,0,1,6
1593,1044701283896069,3.0,1,0,8.0,3.0,0,1,5
1594,1044707419286865,3.0,0,0,1.0,3.0,0,1,1
1595,1044720653038120,2.0,0,0,3.0,7.0,0,0,5
1596,1044763471517767,4.0,1,0,7.0,13.0,0,1,4
1597,1044764133821789,5.0,0,0,1.0,5.0,0,0,0
1598,1044790135845362,4.0,0,0,7.0,12.0,0,0,6
1599,1044798215776896,4.0,0,1,29.0,10.0,1,1,2
1600,1044809169834584,5.0,0,1,6.0,11.0,1,1,6
1601,1044875402209488,4.0,1,0,1.0,4.0,0,0,5
1602,1044890144641686,4.0,0,1,1.0,1.0,0,1,2
1603,1044890292653333,4.0,1,0,4.0,9.0,1,1,6
1604,1044907746581026,4.0,0,0,12.0,8.0,0,0,2
1605,1044910195501002,5.0,0,0,1.0,2.0,1,0,7
1606,1044955971496851,4.0,0,0,12.0,5.0,0,1,6
1607,1044983407798170,4.0,0,1,11.0,10.0,1,1,3
1608,1045017989201656,3.0,0,1,123.0,19.0,1,0,6
1609,1045024362139697,3.0,1,0,24.0,18.0,0,0,6
1610,1045067418353852,3.0,0,0,3.0,3.0,0,1,3
1611,1045158425279720,6.0,1,1,1.0,6.0,1,1,6
1612,1045198579580730,3.5,1,0,10.0,14.0,1,0,2
1613,1045203549961256,6.0,0,0,1.0,10.0,0,1,1
1614,1045208010402719,4.0,1,1,16.0,10.0,0,1,0
1615,1045230623475071,5.0,1,0,1.0,5.0,0,0,5
1616,1045241748448406,4.0,1,1,2.0,5.0,0,0,7
1617,1045272167785063,4.0,1,0,14.0,11.0,1,0,6
1618,1045310549582579,4.0,0,0,16.0,14.0,0,1,6
1619,1045374705143332,4.0,0,1,1.0,4.0,0,1,6
1620,1045384876655152,5.0,1,1,2.0,3.0,1,1,6
1621,1045451933356267,4.0,0,0,62.0,33.0,1,0,4
1622,1045455338816050,1.0,1,0,1.0,1.0,0,0,5
1623,1045471905007768,4.0,0,0,1.0,4.0,0,1,5
1624,1045486893769734,5.0,0,1,8.0,3.0,0,1,4
1625,1045548819773192,5.0,0,1,35.0,28.0,1,0,0
1626,1045554603139563,4.0,0,1,5.0,4.0,0,0,5
1627,1045652409149134,4.0,0,1,70.0,36.0,1,1,3
1628,1045670347248177,4.0,0,0,189.0,30.0,1,1,0
1629,1045681574037243,9.0,1,1,23.0,27.0,1,0,6
1630,1045718263605039,4.0,1,1,8.0,14.0,1,0,6
1631,1045718437313135,5.0,1,1,4.0,6.0,0,0,2
1632,1045730360485369,1.0,0,0,2.0,1.0,0,1,2
1633,1045756108420003,2.0,1,0,16.0,5.0,0,0,6
1634,1045756870740200,3.0,1,0,1.0,3.0,0,1,4
1635,1045783855577353,8.0,0,1,3.0,9.0,0,0,6
1636,1045808334961925,5.0,0,1,3.0,5.0,0,1,6
1637,1045812094471426,4.0,0,1,3.0,4.0,1,1,1
1638,1045837437849021,5.0,1,1,1.0,4.0,0,1,1
1639,1045865699136757,4.0,1,1,15.0,20.0,0,0,1
1640,1045931096324971,2.0,0,0,17.0,9.0,1,0,1
1641,1045948293216787,6.0,0,1,4.0,6.0,0,1,3
1642,1045959505556256,4.0,1,1,4.0,10.0,0,1,4
1643,1045979459961821,5.0,0,0,13.0,8.0,1,1,3
1644,1045997125432864,2.5,0,0,107.0,9.0,1,0,5
1645,1045998019482866,6.0,1,0,2.0,6.0,0,0,5
1646,1046003597196285,5.0,0,1,82.0,27.0,1,0,2
1647,1046064227631606,4.0,0,1,22.0,7.0,1,0,3
1648,1046174473615630,4.0,1,0,2.0,4.0,0,0,6
1649,1046282390104097,5.0,1,1,5.0,9.0,0,0,4
1650,1046301113472050,3.0,0,0,1.0,3.0,1,1,3
1651,1046305389288490,6.0,0,1,4.0,15.0,0,0,3
1652,1046343579087058,4.0,1,1,2.0,2.0,1,1,5
1653,1046403677057510,5.0,0,1,1.0,5.0,0,0,4
1654,1046418667664364,7.0,0,1,10.0,24.0,1,1,5
1655,1046446044110692,1.0,1,0,23.0,12.0,0,0,6
1656,1046448384862330,5.0,1,1,1.0,5.0,0,0,0
1657,1046467552588032,4.0,1,0,24.0,5.0,0,0,4
1658,1046499017341869,4.0,0,1,3.0,5.0,0,0,0
1659,1046523714656312,4.0,1,0,6.0,16.0,0,1,6
1660,1046563932518719,4.0,0,0,2.0,4.0,1,1,6
1661,1046564222898634,4.0,1,0,4.0,16.0,1,1,7
1662,1046596569759866,5.0,0,0,9.0,4.0,0,0,4
1663,1046624995739807,4.0,1,1,14.0,12.0,0,1,4
1664,1046651699162105,4.0,0,1,7.0,8.0,1,1,4
1665,1046686061382195,7.0,0,1,1.0,7.0,0,1,1
1666,1046720230338474,3.0,1,0,277.0,54.0,0,0,4
1667,1046751912786351,7.0,1,0,5.0,7.0,1,0,5
1668,1046772066817159,5.0,1,1,44.0,21.0,1,0,7
1669,1046786613009478,3.0,1,0,38.0,11.0,1,0,1
1670,1046841441527171,4.0,1,0,16.0,16.0,1,1,0
1671,1046844040379714,3.0,0,1,1.0,3.0,1,0,4
1672,1046846166605500,3.0,0,0,1.0,3.0,0,0,4
1673,1046925007883007,7.0,0,1,3.0,26.0,0,0,1
1674,1046947444474792,4.0,1,0,4.0,6.0,1,1,4
1675,1046967561370777,6.0,0,1,19.0,28.0,1,0,6
1676,1046999506621521,2.0,1,1,2.0,7.0,0,1,1
1677,1047034055749049,4.0,1,1,8.0,6.0,1,1,6
1678,1047072489843612,4.0,0,1,1.0,10.0,1,1,5
1679,1047074285555300,4.0,1,1,5.0,7.0,1,1,3
1680,1047081958993345,4.0,0,1,23.0,11.0,1,0,6
1681,1047083335922979,5.0,1,1,13.0,7.0,1,1,6
1682,1047114367084356,6.0,1,0,6.0,6.0,1,0,4
1683,1047122596139990,3.0,0,1,23.0,22.0,1,0,3
1684,1047127256639285,4.0,1,0,40.0,23.0,1,1,6
1685,1047157490027593,6.0,0,0,1.0,3.0,0,0,3
1686,1047267549932423,4.0,0,0,35.0,17.0,1,0,5
1687,1047291597503168,6.0,0,0,11.0,17.0,1,0,3
1688,1047344324398213,6.0,1,1,17.0,22.0,0,0,7
1689,1047354335708017,4.0,1,1,16.0,26.0,0,0,4
1690,1047405430051079,4.0,0,1,10.0,7.0,1,1,6
1691,1047430444405235,3.0,0,1,34.0,19.0,0,0,4
1692,1047453101003438,3.0,0,1,3.0,19.0,0,1,1
1693,1047471996211882,4.0,0,1,1.0,4.0,0,1,3
1694,1047475348538696,4.0,1,0,68.0,19.0,0,0,4
1695,1047490065398408,4.0,1,1,4.0,2.0,1,0,5
1696,1047529374028314,4.0,1,1,1.0,2.0,0,0,7
1697,1047532828272836,4.0,1,0,15.0,7.0,1,1,4
1698,1047548635863594,6.0,0,1,54.0,27.0,0,0,0
1699,1047571101238213,5.0,0,1,1.0,5.0,0,1,8
1700,1047603718353758,3.0,0,1,33.0,14.0,0,0,6
1701,1047610202894536,4.0,0,0,1.0,4.0,1,1,3
1702,1047633546096022,6.0,0,1,22.0,34.0,0,0,7
1703,1047679012524576,5.0,0,1,72.0,39.0,1,1,0
1704,1047679700558791,4.0,0,0,1.0,4.0,0,1,5
1705,1047704694698465,4.0,1,1,5.0,6.0,0,0,0
1706,1047709987489621,3.0,1,1,10.0,5.0,1,1,0
1707,1047737326450520,3.0,0,1,8.0,3.0,0,0,6
1708,1047756007556535,1.0,0,0,1.0,1.0,0,0,5
1709,1047770020147761,7.0,1,0,4.0,8.0,0,0,7
1710,1047778127493637,3.0,0,0,275.0,51.0,0,0,0
1711,1047814098792796,8.0,0,0,1.0,8.0,0,0,5
1712,1047823602449101,3.0,0,0,20.0,16.0,1,1,8
1713,1047844514828839,3.0,0,1,12.0,12.0,1,0,6
1714,1047871974539357,3.0,0,0,10.0,12.0,0,0,2
1715,1047893003118791,3.0,0,1,50.0,19.0,0,0,3
1716,1047924354865376,4.0,0,0,12.0,12.0,1,0,3
1717,1047950103077738,4.0,1,1,4.0,9.0,1,0,7
1718,1047965312058430,5.0,0,1,35.0,28.0,1,1,5
1719,1048004152484210,6.0,0,1,3.0,6.0,1,1,6
1720,1048010005537828,4.0,1,1,151.0,29.0,1,1,2
1721,1048011093634840,4.0,1,0,16.0,16.0,0,0,4
1722,1048019371148249,4.0,0,1,28.0,22.0,0,0,3
1723,1048042365703759,4.0,1,1,5.0,3.0,0,0,0
1724,1048087637452959,5.0,0,1,16.0,14.0,1,0,6
1725,1048087748232648,2.0,0,1,30.0,37.0,0,0,2
1726,1048100407993879,4.0,0,1,5.0,2.0,0,1,4
1727,1048142658453276,4.0,0,1,4.0,12.0,1,1,6
1728,1048145085222187,4.0,1,1,25.0,7.0,0,1,6
1729,1048204459270312,4.0,1,0,88.0,25.0,1,0,0
1730,1048229426231783,4.0,1,1,39.0,23.0,1,0,0
1731,1048288695996328,4.0,1,1,27.0,21.0,0,1,4
1732,1048311471358475,4.0,1,1,17.0,26.0,0,0,5
1733,1048340862882688,5.0,1,1,2.0,5.0,0,1,1
1734,1048384863451733,2.0,0,0,16.0,6.0,0,0,3
1735,1048426437752249,5.0,1,0,37.0,34.0,0,0,0
1736,1048476042959175,7.0,1,0,2.0,7.0,1,1,1
1737,1048519190181408,4.0,1,1,2.0,4.0,0,1,6
1738,1048534572486001,4.0,1,1,5.0,10.0,0,1,0
1739,1048547008342024,5.0,0,0,1.0,32.0,1,0,5
1740,1048592575793281,5.0,0,0,1.0,5.0,0,0,6
1741,1048662778515772,6.0,0,1,125.0,32.0,0,0,1
1742,1048665502265721,2.0,0,0,2.0,18.0,0,0,5
1743,1048713532935838,4.0,1,1,5.0,5.0,0,1,1
1744,1048725909365834,3.0,0,0,39.0,19.0,0,1,0
1745,1048764897672470,4.0,1,1,10.0,4.0,1,1,4
1746,1048808015964938,4.0,1,1,45.0,11.0,1,1,0
1747,1048822455736092,4.0,0,1,8.0,6.0,0,1,6
1748,1048831487663429,4.0,0,1,10.0,8.0,1,1,0
1749,1048843088092188,3.0,1,0,2.0,4.0,0,1,4
1750,1048861546861770,3.0,0,0,3.0,3.0,0,1,4
1751,1048863908643260,4.0,0,1,17.0,11.0,1,0,6
1752,1048895887646468,4.0,0,1,6.0,5.0,0,0,1
1753,1048915098403039,4.0,1,1,4.0,12.0,0,1,2
1754,1048921152921432,4.0,0,1,1.0,4.0,0,0,1
1755,1048943112893610,2.0,1,0,6.0,8.0,0,1,5
1756,1048964988038936,4.0,1,0,5.0,4.0,0,0,4
1757,1048981407887968,5.0,1,0,1.0,5.0,0,0,8
1758,1049073381554789,2.0,1,1,60.0,6.0,1,1,7
1759,1049090105081864,6.0,1,1,26.0,32.0,0,0,6
1760,1049116064921499,5.0,1,1,6.0,7.0,0,1,0
1761,1049137829843207,3.0,1,0,42.0,9.0,0,1,6
1762,1049186978910803,4.0,0,0,54.0,26.0,1,0,5
1763,1049194452615229,5.0,0,0,14.0,6.0,1,0,4
1764,1049206696476839,5.0,1,0,2.0,5.0,0,1,6
1765,1049207414923116,4.0,1,1,8.0,10.0,1,1,3
1766,1049219203520178,5.0,0,0,6.0,13.0,0,1,1
1767,1049225786504351,3.0,1,1,22.0,5.0,0,1,4
1768,1049234433381122,4.0,1,1,7.0,8.0,0,1,1
1769,1049296252030551,3.0,1,1,21.0,16.0,1,0,3
1770,1049316737767885,4.0,1,0,2.0,5.0,0,1,6
1771,1049329662050113,4.0,0,0,3.0,7.0,1,0,3
1772,1049332729795551,1.0,0,0,1.0,1.0,0,0,8
1773,1049339912492587,4.0,0,1,1.0,2.0,0,1,0
1774,1049389129901440,4.0,1,1,12.0,6.0,0,1,4
1775,1049399545633764,4.0,0,1,61.0,15.0,0,0,4
1776,1049424164275276,4.0,0,1,17.0,10.0,1,0,4
1777,1049426023061686,4.0,1,1,1.0,4.0,0,1,6
1778,1049467790434761,4.0,0,1,8.0,5.0,0,0,1
1779,1049491721792729,3.0,1,1,3.0,9.0,0,0,6
1780,1049493319600799,4.0,0,1,53.0,23.0,1,0,0
1781,1049532071774598,4.0,0,1,7.0,8.0,0,0,1
1782,1049536043140541,5.0,0,0,18.0,11.0,1,0,4
1783,1049547759186556,4.0,1,1,77.0,17.0,1,1,4
1784,1049562361086421,6.0,0,0,66.0,35.0,0,1,3
1785,1049565474588547,5.0,1,1,4.0,12.0,1,1,3
1786,1049577108661083,6.0,0,0,4.0,7.0,1,0,1
1787,1049628236296033,4.0,1,1,44.0,32.0,1,0,4
1788,1049731818307277,5.0,1,1,9.0,16.0,0,1,3
1789,1049734269570870,4.0,0,1,61.0,21.0,1,0,0
1790,1049735133222758,4.0,0,1,31.0,23.0,0,0,3
1791,1049792624955939,4.0,1,1,8.0,5.0,1,0,2
1792,1049806052898215,4.0,1,1,4.0,2.0,1,0,6
1793,1049841009938798,4.0,0,1,16.0,21.0,1,0,5
1794,1049871446009539,4.0,0,1,2.0,10.0,0,0,5
1795,1049903075813062,4.0,0,1,174.0,24.0,0,0,2
1796,1049913224244302,4.0,0,1,1.0,4.0,0,1,1
1797,1049919490433426,8.0,0,1,4.0,2.0,1,0,0
1798,1049926461907619,5.0,1,1,2.0,5.0,0,1,8
1799,1049971743932292,4.0,0,1,1.0,7.0,1,1,6
1800,1050030810573625,4.0,1,1,36.0,13.0,1,1,5
1801,1050045022082025,4.0,0,1,40.0,21.0,0,1,3
1802,1050116074434039,4.0,0,1,16.0,8.0,0,1,3
1803,1050136826112749,3.0,1,1,33.0,15.0,0,0,0
1804,1050141016179365,7.0,0,0,29.0,33.0,1,1,1
1805,1050145995638073,4.0,1,1,16.0,5.0,1,0,4
1806,1050157136344019,4.0,1,1,8.0,16.0,0,1,6
1807,1050162567048764,6.0,0,0,5.0,7.0,0,0,1
1808,1050194546722143,3.0,1,0,5.0,5.0,0,1,6
1809,1050224460169394,5.0,1,0,5.0,5.0,0,0,5
1810,1050234621474472,5.0,1,1,13.0,10.0,1,1,5
1811,1050269541342655,4.0,1,1,3.0,4.0,1,1,3
1812,1050336407353442,6.0,0,0,1.0,2.0,0,1,1
1813,1050364748362205,4.0,1,1,3.0,1.0,0,0,4
1814,1050402328968536,4.0,1,0,2.0,10.0,0,0,6
1815,1050405469171971,4.0,1,0,20.0,12.0,1,1,6
1816,1050423910946459,5.0,1,1,3.0,20.0,0,0,4
1817,1050426471077266,4.0,0,1,14.0,11.0,0,0,6
1818,1050449859102671,4.0,0,1,5.0,6.0,0,0,6
1819,1050474780893978,5.0,1,1,8.0,9.0,1,0,0
1820,1050508903752146,3.0,0,1,12.0,1.0,1,0,4
1821,1050514825934027,4.0,1,1,12.0,6.0,0,0,6
1822,1050516524103988,5.0,0,1,78.0,25.0,1,0,1
1823,1050550735495654,3.0,0,1,1.0,3.0,0,0,3
1824,1050567032375329,4.0,1,1,182.0,38.0,1,0,4
1825,1050568401968517,4.0,1,1,35.0,12.0,1,0,6
1826,1050574506102169,5.0,1,1,15.0,7.0,1,1,4
1827,1050604014505548,3.0,1,0,1.0,3.0,1,0,8
1828,1050633290063749,4.0,1,0,16.0,13.0,0,1,0
1829,1050674346010508,5.0,1,1,5.0,5.0,0,1,0
1830,1050677915734683,4.0,0,0,1.0,4.0,1,0,5
1831,1050684468741570,5.0,0,0,1.0,5.0,1,0,7
1832,1050706034415231,5.0,1,0,4.0,17.0,1,0,4
1833,1050709055776428,5.0,0,0,221.0,44.0,0,0,0
1834,1050746618632869,5.0,0,1,39.0,42.0,1,0,3
1835,1050785633141499,4.0,1,0,4.0,4.0,1,1,0
1836,1050827443189022,2.0,0,1,29.0,25.0,0,0,6
1837,1050843533275222,3.0,1,1,23.0,12.0,0,0,2
1838,1050885232031051,4.0,1,1,15.0,12.0,0,1,4
1839,1050886158424774,5.0,1,0,23.0,18.0,0,0,1
1840,1050961885303209,5.0,0,1,5.0,5.0,0,1,1
1841,1050977236515504,4.0,0,0,8.0,8.0,0,1,7
1842,1051048621976459,3.0,0,0,2.0,3.0,1,1,0
1843,1051050796547983,3.0,0,1,143.0,33.0,1,0,0
1844,1051091951217716,4.0,1,1,8.0,14.0,0,0,4
1845,1051173627797835,4.0,0,1,16.0,10.0,0,0,2
1846,1051221659066051,2.0,0,1,1.0,2.0,0,0,4
1847,1051255322578312,4.0,1,1,15.0,4.0,0,1,2
1848,1051284177812951,4.0,1,1,5.0,4.0,0,1,2
1849,1051299337471169,4.0,0,1,83.0,33.0,1,0,3
1850,1051306458178928,3.0,0,0,11.0,11.0,0,1,2
1851,1051331306537459,3.0,1,0,5.0,8.0,0,0,2
1852,1051333764500068,3.0,1,1,20.0,6.0,1,1,4
1853,1051386116561903,2.0,1,1,4.0,4.0,1,1,0
1854,1051394661231653,4.0,0,1,15.0,7.0,0,0,4
1855,1051432407923988,5.0,0,0,2.0,5.0,1,0,4
1856,1051462510645590,3.0,1,0,18.0,22.0,1,0,4
1857,1051472750943004,6.0,0,0,1.0,14.0,1,0,3
1858,1051485891077712,4.0,1,1,2.0,5.0,0,1,0
1859,1051508925658159,5.0,0,0,12.0,47.0,0,1,3
1860,1051595258664148,4.0,1,1,5.0,5.0,0,0,0
1861,1051607168394654,4.0,1,1,17.0,7.0,1,1,4
1862,1051673310922372,3.0,0,1,34.0,28.0,0,1,6
1863,1051763855783856,4.0,0,1,25.0,20.0,1,1,6
1864,1051800519452359,4.0,1,1,4.0,6.0,0,0,1
1865,1051804977283494,4.0,0,0,8.0,8.0,1,0,3
1866,1051828849553218,2.0,0,0,25.0,33.0,0,0,4
1867,1051837114864720,4.0,1,0,1.0,4.0,0,0,7
1868,1051932817587751,4.0,0,1,5.0,7.0,0,0,1
1869,1052024626478722,4.0,1,0,12.0,6.0,0,0,6
1870,1052035923470692,4.0,0,1,22.0,16.0,1,1,8
1871,1052055090612886,4.0,1,1,15.0,14.0,0,0,6
1872,1052122095067260,3.0,1,1,19.0,12.0,0,1,4
1873,1052128832737083,5.0,0,1,14.0,13.0,0,1,3
1874,1052148053266971,4.0,1,0,3.0,3.0,0,1,6
1875,1052161703951843,5.0,0,1,1.0,7.0,0,0,3
1876,1052180052792853,4.0,1,1,60.0,20.0,0,0,2
1877,1052196082160111,5.0,1,0,6.0,1.0,0,0,7
1878,1052198132457462,4.0,0,0,6.0,2.0,0,1,5
1879,1052216410284583,3.0,0,0,116.0,10.0,1,0,1
1880,1052255991015803,6.0,0,0,1.0,6.0,0,0,6
1881,1052297280942483,5.0,0,1,1.0,5.0,0,0,2
1882,1052300135224891,4.0,1,1,6.0,5.0,0,0,6
1883,1052318679517461,4.0,0,0,11.0,10.0,1,1,5
1884,1052332102438680,5.0,1,0,1.0,5.0,1,0,6
1885,1052336456531776,2.0,0,1,8.0,20.0,0,1,4
1886,1052349578152491,3.0,1,1,44.0,19.0,0,0,1
1887,1052360934915529,5.0,1,1,65.0,23.0,0,0,0
1888,1052368395020240,4.0,1,0,6.0,1.0,0,1,2
1889,1052371397438739,3.0,0,1,7.0,12.0,1,1,2
1890,1052390428252519,4.0,1,0,1.0,4.0,0,1,6
1891,1052394128005352,4.0,1,0,83.0,33.0,0,0,4
1892,1052422139324718,2.0,0,1,4.0,4.0,0,1,4
1893,1052434979243760,5.0,1,1,2.0,5.0,0,1,6
1894,1052501030312328,4.0,1,1,8.0,8.0,1,1,6
1895,1052562183676637,3.0,1,1,47.0,29.0,1,0,4
1896,1052567739099595,4.0,0,1,11.0,12.0,1,1,4
1897,1052575385974609,3.0,1,1,1.0,3.0,0,1,0
1898,1052601226277865,7.0,1,0,1.0,7.0,1,1,6
1899,1052696659256297,3.0,0,0,1.0,3.0,0,0,6
1900,1052718598551568,3.0,1,1,14.0,11.0,0,1,2
1901,1052732397797590,5.0,1,1,8.0,11.0,1,1,6
1902,1052799249555647,3.0,1,1,12.0,9.0,1,1,0
1903,1052802986988682,5.0,1,0,1.0,5.0,1,0,0
1904,1052834887633668,3.0,1,0,15.0,20.0,1,0,7
1905,1052877834782569,4.0,0,0,74.0,11.0,1,0,4
1906,1052885943501216,4.0,0,0,58.0,21.0,1,1,5
1907,1052954621703195,3.0,0,0,65.0,9.0,0,1,6
1908,1052988179428729,2.0,0,0,4.0,7.0,0,0,4
1909,1052988222094543,3.0,0,1,7.0,5.0,1,0,5
1910,1053056488496704,4.0,1,0,1.0,4.0,0,0,1
1911,1053074023423763,4.0,0,1,76.0,24.0,1,1,4
1912,1053105740799623,5.0,1,1,1.0,5.0,1,0,3
1913,1053163867090375,3.0,0,1,40.0,12.0,0,0,4
1914,1053181695357606,4.0,1,1,1.0,4.0,1,1,5
1915,1053221846754448,4.0,1,0,5.0,7.0,0,0,4
1916,1053265315311978,3.0,0,1,13.0,12.0,0,0,2
1917,1053336670259691,4.0,0,1,13.0,8.0,0,0,3
1918,1053344699071170,4.0,1,1,27.0,8.0,0,1,7
1919,1053353318169006,4.0,0,1,2.0,7.0,0,0,4
1920,1053368113254185,4.0,0,0,61.0,21.0,1,0,5
1921,1053372024363935,4.0,1,1,26.0,9.0,0,1,2
1922,1053379078562406,4.0,1,0,8.0,11.0,0,0,5
1923,1053405412590573,4.0,0,1,49.0,9.0,1,0,0
1924,1053417971561321,3.0,1,0,96.0,16.0,1,0,4
1925,1053505594116339,5.0,0,1,1.0,5.0,0,0,1
1926,1053594343059225,4.0,1,0,12.0,10.0,1,0,3
1927,1053606835648173,4.0,1,1,8.0,11.0,1,1,0
1928,1053674769645063,5.0,1,0,1.0,5.0,1,1,6
1929,1053695581240649,3.0,0,0,48.0,30.0,1,1,3
1930,1053701941241635,6.0,1,1,1.0,6.0,1,0,6
1931,1053707745253614,4.0,0,1,18.0,10.0,1,1,7
1932,1053711738754132,4.0,1,1,15.0,15.0,1,0,3
1933,1053743433953701,5.0,0,0,138.0,36.0,1,0,2
1934,1053785393564559,4.0,1,0,2.0,4.0,0,1,7
1935,1053807209228315,3.0,0,1,38.0,28.0,0,0,2
1936,1053808818387851,5.0,1,0,5.0,15.0,1,0,6
1937,1053835647866578,4.0,0,1,1.0,7.0,1,0,4
1938,1053915135506220,3.0,0,1,137.0,20.0,1,1,4
1939,1053979619053587,3.0,1,0,36.0,14.0,0,1,4
1940,1053987995334336,4.0,0,1,20.0,1.0,0,1,6
1941,1053988654567645,4.0,1,0,9.0,8.0,0,0,5
1942,1054028764485947,5.0,0,1,7.0,16.0,1,0,5
1943,1054030755099378,7.0,0,1,12.0,18.0,1,0,7
1944,1054070651662375,4.0,1,0,24.0,10.0,0,1,0
1945,1054082215062361,3.0,1,0,14.0,5.0,0,0,6
1946,1054091091575551,4.0,1,1,3.0,3.0,1,0,2
1947,1054133492336123,4.0,1,1,2.0,4.0,1,1,0
1948,1054143318644172,3.0,0,0,16.0,13.0,1,0,5
1949,1054193440923577,3.0,1,0,8.0,18.0,1,1,1
1950,1054252715702634,2.0,0,0,6.0,5.0,0,0,1
1951,1054310209618622,4.0,1,1,37.0,13.0,0,1,1
1952,1054349862216982,4.0,1,1,4.0,4.0,0,0,0
1953,1054418689084248,2.0,0,1,9.0,8.0,1,0,3
1954,1054483633358225,4.0,0,1,4.0,14.0,0,0,6
1955,1054486706893333,4.0,0,1,65.0,19.0,1,0,1
1956,1054501992860699,6.0,0,0,5.0,28.0,0,0,6
1957,1054513142043555,4.0,1,0,2.0,8.0,1,0,6
1958,1054546991930547,4.0,0,1,28.0,10.0,0,0,0
1959,1054567387128478,3.0,1,0,28.0,20.0,1,0,6
1960,1054645675233377,4.0,1,0,1.0,7.0,0,0,7
1961,1054652312753310,4.0,0,1,28.0,24.0,0,1,4
1962,1054678064445594,4.0,1,1,3.0,1.0,1,1,7
1963,1054684805371169,4.0,1,1,1.0,6.0,1,0,7
1964,1054745254459348,2.0,0,0,42.0,18.0,1,1,4
1965,1054758000701141,4.0,1,0,7.0,10.0,1,0,4
1966,1054818571154460,4.0,1,1,25.0,9.0,0,1,0
1967,1054836554399271,4.0,0,1,25.0,21.0,1,1,5
1968,1054859802289261,5.0,0,1,11.0,21.0,0,0,3
1969,1054861831875582,4.0,1,1,5.0,3.0,1,1,7
1970,1054922336409334,3.0,0,1,80.0,10.0,1,1,1
1971,1054955101918212,3.0,1,1,25.0,5.0,0,1,5
1972,1054992853964814,4.0,0,0,8.0,7.0,0,0,6
1973,1055007167976022,5.0,0,1,135.0,45.0,1,0,0
1974,1055022973774273,8.0,1,0,10.0,24.0,0,0,7
1975,1055023657697277,7.0,1,1,24.0,22.0,0,0,3
1976,1055060483793599,5.0,0,1,9.0,4.0,0,0,7
1977,1055076200668705,4.0,0,1,48.0,14.0,1,1,5
1978,1055090441705340,4.0,1,0,1.0,4.0,0,0,6
1979,1055125835681853,4.0,0,1,13.0,7.0,1,0,6
1980,1055126602926153,3.0,1,0,12.0,9.0,1,1,6
1981,1055142808058528,5.0,1,0,28.0,16.0,1,0,4
1982,1055156892739409,3.0,0,1,36.0,12.0,1,1,2
1983,1055167132036400,3.0,0,1,341.0,42.0,1,1,3
1984,1055197671562009,3.0,0,0,25.0,14.0,0,0,2
1985,1055242666528543,2.0,0,0,7.0,6.0,0,1,4
1986,1055254689850549,4.0,0,1,6.0,13.0,1,0,5
1987,1055263403980509,7.0,0,0,142.0,32.0,0,1,1
1988,1055329189606238,4.0,1,0,1.0,4.0,1,0,1
1989,1055343902833848,2.5,1,1,23.0,11.0,0,0,1
1990,1055394323724048,4.0,0,0,1.0,4.0,1,1,1
1991,1055500482584953,4.0,0,1,40.0,10.0,1,0,6
1992,1055533732184320,4.0,0,1,4.0,17.0,1,0,6
1993,1055538403282923,4.0,0,1,7.0,9.0,1,0,2
1994,1055555496835379,3.0,0,0,78.0,41.0,1,1,1
1995,1055590108029227,3.0,1,0,9.0,2.0,1,1,7
1996,1055595059217136,2.0,1,1,7.0,1.0,1,0,4
1997,1055664338652934,5.0,0,1,1.0,5.0,0,0,0
1998,1055722493921897,2.5,0,1,64.0,14.0,0,1,2
1999,1055727509124026,4.0,0,1,6.0,6.0,0,1,4
2000,1055731898835975,4.0,1,1,117.0,24.0,1,0,6
2001,1055790805774905,4.0,1,0,1.0,10.0,0,0,5
2002,1055831053105940,5.0,0,0,12.0,17.0,0,1,4
2003,1055831656220644,2.0,1,0,84.0,21.0,1,0,0
2004,1055851008216781,5.0,0,0,1.0,5.0,0,0,1
2005,1055919327809289,6.0,1,0,38.0,30.0,1,0,0
2006,1055928750974167,4.0,1,0,18.0,9.0,1,1,4
2007,1055961089070391,4.0,1,0,1.0,4.0,0,0,5
2008,1055961687614089,6.0,0,1,373.0,28.0,0,0,1
2009,1055967191189419,4.0,0,0,3.0,4.0,1,0,3
2010,1056047977421182,4.0,1,0,13.0,10.0,0,1,5
2011,1056111840701784,5.0,0,1,1.0,5.0,1,0,3
2012,1056198656702587,4.0,1,0,6.0,11.0,1,0,4
2013,1056210718807891,3.0,0,0,5.0,2.0,0,0,2
2014,1056234534713051,4.0,1,0,13.0,6.0,0,0,2
2015,1056267420897429,4.0,1,1,1.0,5.0,0,0,7
2016,1056275079629209,1.0,0,0,156.0,35.0,0,0,4
2017,1056280284864208,4.0,0,1,22.0,5.0,0,1,2
2018,1056299503564140,4.0,1,1,8.0,10.0,1,1,5
2019,1056339509884948,4.0,0,0,41.0,5.0,0,0,4
2020,1056358336437141,4.0,0,0,4.0,8.0,0,1,1
2021,1056394598879879,6.0,1,1,2.0,6.0,1,0,1
2022,1056418305335783,4.0,1,1,3.0,7.0,1,0,2
2023,1056443314088207,3.0,0,1,35.0,13.0,1,0,4
2024,1056450388003357,3.0,1,1,20.0,10.0,1,1,4
2025,1056574196356198,4.0,1,1,19.0,5.0,0,1,4
2026,1056604664792286,3.0,0,0,13.0,18.0,0,0,4
2027,1056642849237078,4.0,1,1,6.0,3.0,0,1,0
2028,1056676446555532,6.0,0,1,28.0,8.0,1,0,0
2029,1056721789563215,2.5,1,1,8.0,5.0,1,1,4
2030,1056768579644013,4.0,1,1,3.0,3.0,1,0,4
2031,1056776626993717,3.0,0,1,30.0,30.0,0,0,0
2032,1056798935408638,2.5,1,1,9.0,8.0,0,1,6
2033,1056814258621063,4.0,1,1,3.0,6.0,0,1,8
2034,1056834900552705,3.0,0,1,5.0,3.0,0,0,3
2035,1056892310025226,3.0,0,1,38.0,3.0,0,1,0
2036,1056938478045970,4.0,0,1,17.0,21.0,1,0,1
2037,1056940066206021,5.0,0,1,1.0,5.0,0,1,5
2038,1056949553338542,4.0,0,1,4.0,4.0,1,1,6
2039,1056950002614315,4.0,0,1,10.0,7.0,1,0,2
2040,1057047758096409,4.0,0,0,4.0,4.0,1,0,3
2041,1057121754662186,4.0,1,1,4.0,4.0,1,1,8
2042,1057151128027761,4.0,0,0,36.0,27.0,0,1,1
2043,1057151790242448,3.0,1,1,6.0,3.0,0,0,7
2044,1057202850925662,4.0,1,1,5.0,7.0,0,0,3
2045,1057221250681923,3.0,1,0,5.0,5.0,1,1,2
2046,1057236785474575,4.0,0,0,4.0,4.0,0,0,6
2047,1057258961946515,5.0,0,1,18.0,22.0,0,1,1
2048,1057324690291735,5.0,0,1,5.0,4.0,0,1,0
2049,1057328651162539,3.0,1,1,4.0,4.0,0,0,4
2050,1057338718039858,4.0,0,1,10.0,18.0,1,0,6
2051,1057384993772539,4.0,0,0,12.0,8.0,0,1,3
2052,1057395011601847,4.0,1,1,27.0,4.0,1,1,0
2053,1057402920704825,4.0,0,1,5.0,7.0,0,1,2
2054,1057446152021138,5.0,0,1,13.0,15.0,1,0,2
2055,1057449093652010,4.0,0,1,64.0,51.0,1,1,6
2056,1057481097954714,4.0,1,0,7.0,10.0,0,0,0
2057,1057517569672326,4.0,1,1,21.0,21.0,0,0,6
2058,1057524706263583,4.0,0,1,6.0,13.0,0,0,1
2059,1057819021417873,4.0,1,0,1.0,4.0,0,0,4
2060,1057849427075216,4.0,0,1,9.0,19.0,0,0,1
2061,1057875101441626,4.0,0,1,51.0,23.0,0,1,1
